#,Name,Team,Pos,Pos Det,Games,Health,Snaps,Tackles,Tackles Solo,Tackles Ast,TFL,Sacks,Pass Def,Ints,Fum Forc,Fum Rec,Saf,TD Ret,Ret Yds,STD PTS
1,Roquan Smith,BAL,LB,ILB,17,,920.0,162.8,77.7,83.7,10.4,1.5,4.1,1.0,1.4,0.7,0.0,0.2,16,226.4
2,Jamien Sherwood,NYJ,LB,MLB,17,,948.0,155.1,72.8,80.3,10.1,2.5,2.8,0.4,1.0,0.5,0.1,0.1,8,212.4
3,Kenneth Murray,DAL,LB,ILB,17,,936.0,145.3,68.2,73.5,9.1,4.1,3.0,0.7,1.0,0.5,0.1,0.2,13,207.3
4,Alex Singleton,DEN,LB,RILB,17,,990.0,152.3,65.5,85.2,9.7,1.6,4.6,0.8,1.1,0.5,0.0,0.2,14,206.8
5,Jordyn Brooks,MIA,LB,LILB,17,,971.0,142.0,63.8,74.0,8.7,4.3,4.3,0.6,1.2,0.6,0.1,0.1,11,203.3
6,Robert Spillane,NE,LB,LILB,17,,972.0,140.9,64.1,74.3,9.1,2.6,3.4,1.7,1.0,0.5,0.1,0.3,25,201.8
7,Logan Wilson,CIN,LB,MLB,17,,1006.0,145.0,68.4,75.5,9.1,1.1,2.6,1.1,1.1,0.5,0.0,0.2,18,199.3
8,Zaire Franklin,IND,LB,MLB,17,Q,987.0,141.0,66.1,73.0,8.9,1.8,4.7,0.7,1.2,0.6,0.0,0.2,13,197.8
9,Kaden Elliss,ATL,LB,RILB,17,,980.0,137.4,58.0,75.4,8.4,5.0,2.8,0.7,1.0,0.5,0.1,0.2,12,195.6
10,Demario Davis,NO,LB,MLB,17,,992.0,133.6,61.6,68.0,9.0,4.5,4.3,0.7,0.9,0.4,0.1,0.1,12,195.3
11,Fred Warner,SF,LB,MLB,17,,906.0,128.6,60.2,66.4,8.2,2.5,6.1,2.1,1.1,0.6,0.1,0.3,32,195.2
12,Zack Baun,PHI,LB,LILB,17,,918.0,133.9,60.2,69.8,8.2,3.8,3.4,1.2,1.0,0.5,0.1,0.2,19,192.6
13,Ernest Jones,SEA,LB,ILB,17,,959.0,131.0,62.0,66.8,8.7,2.5,4.3,0.6,1.1,0.5,0.1,0.1,11,187.4
14,Budda Baker,ARI,DB,FS,17,,977.0,134.9,73.9,59.8,5.1,1.3,4.1,0.4,1.1,0.5,0.0,0.1,9,186.5
15,Bobby Wagner,WAS,LB,MLB,17,,969.0,132.7,61.9,68.3,9.2,2.3,2.9,0.3,1.0,0.5,0.1,0.1,7,184.4
16,Germaine Pratt,LV,LB,SLB,17,,950.0,122.9,64.0,57.7,8.0,1.2,4.6,1.7,1.1,0.5,0.0,0.3,26,184.0
17,Bobby Okereke,NYG,LB,LILB,17,,988.0,127.9,58.3,67.5,8.2,2.4,4.2,1.0,1.1,0.5,0.1,0.2,16,182.7
18,Daiyan Henley,LAC,LB,RILB,17,,909.0,135.0,58.3,75.7,8.3,1.1,5.9,0.3,0.9,0.5,0.0,0.1,6,181.8
19,Blake Cashman,MIN,LB,LILB,17,,938.0,123.4,55.3,64.2,7.3,3.7,6.1,0.7,1.2,0.6,0.1,0.1,12,180.7
20,Lavonte David,TB,LB,ILB,17,,940.0,120.6,55.9,60.2,7.2,4.4,4.6,0.7,1.2,0.6,0.1,0.2,13,179.9
21,Terrel Bernard,BUF,LB,MLB,17,Q,864.0,117.8,54.3,59.9,7.2,3.8,3.8,1.8,1.2,0.6,0.1,0.3,28,179.9
22,Christian Rozeboom,CAR,LB,ILB,17,,800.0,127.7,61.2,65.9,8.5,0.8,3.9,1.2,0.7,0.4,0.0,0.2,18,178.8
23,Kyle Hamilton,BAL,DB,SS,17,,912.0,111.1,57.8,51.0,3.9,2.4,7.3,2.3,1.3,0.7,0.0,0.3,38,175.0
24,Patrick Queen,PIT,LB,ILB,17,,986.0,121.0,57.4,61.9,7.3,1.8,5.6,0.6,1.2,0.6,0.0,0.1,11,173.4
25,Foye Oluokun,JAC,LB,MLB,17,,886.0,118.7,55.6,61.4,7.4,2.0,5.5,1.0,0.9,0.4,0.0,0.2,16,172.1
26,Nick Cross,IND,DB,SS,17,Q,987.0,116.8,61.6,54.4,4.4,0.7,5.5,2.0,1.2,0.6,0.0,0.3,32,171.8
27,Frankie Luvu,WAS,LB,WLB,17,,955.0,102.6,51.2,44.9,6.4,6.0,6.4,0.7,1.0,0.5,0.1,0.1,12,167.4
28,Brian Branch,DET,DB,SS,17,,893.0,100.4,52.8,46.6,3.7,1.2,12.8,2.6,0.9,0.4,0.0,0.3,40,165.1
29,Tyrel Dodson,MIA,LB,RILB,17,,894.0,118.0,50.3,65.4,6.9,2.3,3.1,1.0,1.1,0.5,0.0,0.2,16,164.9
30,Nick Bolton,KC,LB,MLB,17,,933.0,113.9,53.2,58.7,7.1,2.0,4.2,1.0,1.0,0.5,0.0,0.2,17,164.6
31,Quay Walker,GB,LB,MLB,17,,862.0,116.9,54.5,60.2,7.1,2.1,3.0,0.6,1.1,0.5,0.0,0.1,11,164.2
32,Antoine Winfield Jr.,TB,DB,FS,17,,882.0,101.3,54.0,43.7,3.9,3.5,5.2,2.0,1.2,0.6,0.1,0.3,32,161.8
33,Grant Delpit,CLE,DB,FS,17,,977.0,113.4,61.9,50.1,4.5,1.4,2.9,0.9,1.1,0.6,0.0,0.1,16,161.5
34,T.J. Edwards,CHI,LB,LOLB,17,,981.0,113.8,46.4,64.4,6.6,2.9,3.4,1.3,1.0,0.5,0.1,0.2,20,161.3
35,Micah McFadden,NYG,LB,RILB,17,,757.0,117.0,49.8,64.7,7.5,2.8,2.1,0.6,0.8,0.4,0.1,0.1,10,161.2
36,Jack Campbell,DET,LB,MLB,17,,881.0,114.5,53.6,59.1,7.6,1.9,4.1,0.2,0.9,0.4,0.0,0.1,4,160.3
37,Quincy Williams,NYJ,LB,LOLB,17,,1006.0,114.6,47.0,65.3,7.2,2.6,2.6,0.7,1.0,0.5,0.1,0.2,12,158.9
38,Jaquan Brisker,CHI,DB,SS,17,,964.0,103.8,54.3,47.9,3.9,1.5,6.6,1.2,1.0,0.5,0.0,0.2,21,154.4
39,Azeez Al-Shaair,HOU,LB,MLB,17,,823.0,110.0,51.3,56.6,7.3,1.8,4.2,0.2,0.9,0.4,0.0,0.1,4,153.8
40,Henry To’oTo’o,HOU,LB,ROLB,17,,872.0,114.5,47.1,65.9,7.0,1.3,2.7,0.5,0.9,0.5,0.0,0.1,9,152.2
41,Kamren Kinchens,LAR,DB,FS,17,,885.0,89.5,49.4,40.0,3.1,0.2,7.9,3.9,1.0,0.5,0.0,0.5,61,151.2
42,DeShon Elliott,PIT,DB,SS,17,,863.0,104.5,55.4,49.0,3.9,0.1,6.8,0.7,1.0,0.5,0.0,0.1,13,148.4
43,T.J. Watt,PIT,LB,LOLB,17,,851.0,77.2,26.9,37.3,4.2,14.1,3.1,0.6,1.0,0.5,0.2,0.1,11,148.1
44,Jessie Bates III,ATL,DB,FS,17,,978.0,82.0,45.1,36.5,3.1,0.6,8.8,4.4,1.0,0.5,0.0,0.5,68,147.8
45,Derwin James Jr.,LAC,DB,SS,17,,954.0,92.9,47.5,41.9,3.3,4.2,6.4,1.1,1.0,0.5,0.1,0.2,18,147.8
46,Kevin Byard,CHI,DB,FS,17,,981.0,100.5,55.3,44.7,4.1,0.5,6.9,0.8,1.0,0.5,0.0,0.1,15,147.6
47,Andrew Van Ginkel,MIN,LB,WLB,17,,824.0,82.3,39.2,34.3,4.8,8.0,4.7,1.2,1.0,0.5,0.1,0.2,19,147.3
48,Trevon Moehrig,CAR,DB,FS,17,,989.0,90.9,49.5,40.0,3.4,1.7,8.1,2.1,0.9,0.5,0.0,0.2,33,147.1
49,Brandon Jones,DEN,DB,SS,17,,882.0,93.2,49.5,43.7,3.3,0.1,8.7,2.5,1.0,0.5,0.0,0.3,39,146.9
50,Myles Garrett,CLE,DL,DE,17,,779.0,74.8,25.1,35.4,6.9,14.5,1.8,0.4,0.9,0.4,0.2,0.1,7,146.7
51,Tyrice Knight,SEA,LB,LILB,17,Q,712.0,106.0,48.5,56.2,6.6,1.5,3.2,0.4,0.8,0.4,0.0,0.1,8,146.6
52,Cody Barton,TEN,LB,MLB,17,,907.0,99.8,47.0,51.9,6.3,1.1,4.0,1.3,0.9,0.4,0.0,0.2,20,145.6
53,Maxx Crosby,LV,DL,DE,17,,970.0,75.2,26.6,37.5,7.3,11.5,5.1,0.3,1.1,0.5,0.2,0.1,7,145.5
54,Xavier Woods,TEN,DB,SS,17,,997.0,97.3,51.6,45.6,3.6,0.1,4.8,2.3,1.0,0.5,0.0,0.3,36,145.1
55,Tyler Nubin,NYG,DB,SS,17,,975.0,105.5,56.0,49.4,4.2,0.1,3.4,0.5,1.1,0.5,0.0,0.1,10,144.5
56,Pete Werner,NO,LB,WLB,17,,855.0,101.5,53.9,47.1,6.8,0.6,2.5,0.6,0.7,0.4,0.0,0.1,11,144.2
57,Aidan Hutchinson,DET,DL,DE,17,,798.0,77.5,27.4,38.7,7.5,11.6,1.8,0.7,0.8,0.4,0.2,0.1,11,144.0
58,Jalen Thompson,ARI,DB,SS,17,,974.0,94.5,49.9,44.1,3.5,0.7,4.1,2.4,1.1,0.5,0.0,0.3,39,143.8
59,Ivan Pace,MIN,LB,RILB,17,,617.0,103.9,43.9,57.1,6.6,2.7,1.5,0.6,0.8,0.4,0.1,0.1,10,143.4
60,Justin Reid,NO,DB,SS,17,,992.0,92.2,48.2,42.6,3.2,1.6,7.4,1.7,0.9,0.4,0.0,0.2,28,143.3
61,Jeremy Chinn,LV,DB,FS,17,,950.0,96.3,52.5,42.4,3.7,1.6,4.2,1.0,1.1,0.5,0.0,0.2,18,143.0
62,Quentin Lake,LAR,DB,S,17,,951.0,94.2,58.5,34.5,3.7,1.6,4.5,0.4,1.1,0.5,0.0,0.1,8,143.0
63,Devin Lloyd,JAC,LB,LOLB,17,,793.0,106.1,44.1,61.2,6.7,1.0,3.0,0.6,0.8,0.4,0.0,0.1,11,142.6
64,Julian Love,SEA,DB,SS,17,,947.0,89.2,47.4,41.8,3.4,0.1,8.1,2.5,1.1,0.5,0.0,0.3,40,142.5
65,Tremaine Edmunds,CHI,LB,MLB,17,,981.0,95.1,44.9,49.6,6.1,0.6,5.0,1.6,1.0,0.5,0.0,0.3,24,142.2
66,Luke Gifford,SF,LB,WLB,17,,647.0,92.6,48.7,42.6,6.1,1.7,3.7,1.2,0.8,0.4,0.0,0.2,19,142.0
67,Nick Bosa,SF,DL,DE,17,Q,756.0,70.2,25.2,35.5,6.9,12.6,1.8,0.6,0.9,0.5,0.2,0.2,11,141.1
68,Daron Bland,DAL,DB,CB,17,,971.0,81.7,43.4,38.3,2.2,0.0,11.4,3.3,1.1,0.5,0.0,0.4,51,140.6
69,Amani Hooker,TEN,DB,SS,17,,961.0,85.8,45.5,40.2,3.4,0.1,8.9,2.8,0.9,0.5,0.0,0.3,44,140.4
70,Harold Landry III,NE,LB,OLB,17,,825.0,79.5,34.9,35.6,5.0,9.5,3.8,0.2,0.8,0.4,0.1,0.1,4,139.1
71,Jeffery Simmons,TEN,DL,DE,17,,810.0,78.8,30.1,42.5,8.5,7.8,3.7,0.3,0.8,0.4,0.1,0.1,6,138.1
72,Donovan Wilson,DAL,DB,SS,17,,921.0,90.5,47.1,41.6,3.5,2.1,5.5,0.9,1.0,0.5,0.0,0.1,15,136.8
73,Drue Tranquill,KC,LB,LOLB,17,Q,777.0,97.1,39.1,54.3,5.9,3.8,2.4,0.2,0.8,0.4,0.1,0.1,5,136.6
74,Julian Blackmon,NO,DB,FS,17,,1020.0,86.4,47.6,38.5,3.1,0.3,3.5,3.2,0.9,0.4,0.0,0.4,49,136.5
75,Jonathan Greenard,MIN,LB,LOLB,17,,820.0,77.6,27.2,37.8,4.1,11.7,2.5,0.3,1.0,0.5,0.2,0.1,6,136.3
76,Jordan Battle,CIN,DB,SS,17,,784.0,95.6,50.3,44.4,3.5,0.9,5.0,0.7,0.8,0.4,0.0,0.1,12,136.0
77,Divine Deablo,ATL,LB,LILB,17,,744.0,97.3,44.4,51.5,6.3,1.7,3.0,0.3,0.8,0.4,0.0,0.1,6,135.7
78,Josh Metellus,MIN,DB,SS,17,,866.0,92.6,48.6,42.9,3.5,1.0,4.0,1.2,1.1,0.5,0.0,0.2,20,135.6
79,Trey Hendrickson,CIN,DL,DE,17,,740.0,63.4,20.3,28.6,5.5,14.9,4.0,0.2,0.8,0.4,0.2,0.1,5,135.2
80,Trevin Wallace,CAR,LB,LILB,17,,736.0,98.8,45.2,52.3,6.3,1.6,1.5,0.4,0.7,0.3,0.0,0.1,8,134.9
81,Alontae Taylor,NO,DB,CB,17,Q,931.0,81.1,41.9,37.0,2.4,2.6,12.3,0.9,0.8,0.4,0.0,0.1,16,134.4
82,Geno Stone,CIN,DB,SS,17,,988.0,82.8,44.0,38.8,2.9,0.1,5.0,3.4,1.1,0.5,0.0,0.4,54,134.4
83,Micah Parsons,GB,DL,DE,17,Q,787.0,71.2,24.5,34.6,6.7,11.7,1.9,0.3,1.0,0.5,0.2,0.1,7,134.3
84,Paulson Adebo,NYG,DB,LCB,17,,913.0,66.3,44.8,21.5,2.1,0.0,13.7,3.5,1.0,0.5,0.0,0.4,55,134.3
85,Alex Highsmith,PIT,LB,ROLB,17,,745.0,78.1,29.3,41.0,4.6,8.5,2.5,1.2,0.9,0.4,0.1,0.2,18,134.0
86,Alex Anzalone,DET,LB,SLB,17,,879.0,89.0,45.5,41.0,5.2,2.6,5.1,0.2,0.9,0.4,0.0,0.1,5,133.8
87,Harrison Smith,MIN,DB,SS,17,,947.0,85.8,44.6,39.4,3.0,1.7,7.8,0.9,1.2,0.6,0.0,0.1,16,133.3
88,Kobie Turner,LAR,DL,DE,17,,727.0,68.2,24.8,35.1,7.0,10.9,3.2,0.2,0.8,0.4,0.2,0.1,5,132.9
89,Xavier McKinney,GB,DB,FS,17,Q,943.0,76.7,42.0,34.0,2.7,0.7,8.6,2.9,1.2,0.6,0.0,0.3,45,132.8
90,Kyle Dugger,NE,DB,SS,17,,893.0,89.8,47.1,41.5,3.2,1.3,5.8,0.9,0.9,0.4,0.0,0.1,16,132.6
91,Jason Pinnock,SF,DB,FS,17,,920.0,84.7,45.6,36.9,2.9,2.9,2.8,1.0,1.1,0.6,0.1,0.2,18,130.8
92,Omar Speights,LAR,LB,RILB,17,,595.0,98.6,42.8,55.6,6.3,0.3,3.1,0.3,0.7,0.3,0.0,0.1,6,130.6
93,Marlon Humphrey,BAL,DB,RCB,17,,848.0,63.8,41.4,22.1,1.8,0.3,11.6,3.9,1.2,0.6,0.0,0.4,61,130.4
94,Taylor Rapp,BUF,DB,SS,17,,835.0,86.2,45.6,40.2,3.4,0.4,6.0,1.2,1.2,0.6,0.0,0.2,21,129.9
95,Kerby Joseph,DET,DB,FS,17,,967.0,71.2,39.3,31.9,2.5,0.0,8.7,4.0,1.0,0.5,0.0,0.5,63,129.7
96,Mack Wilson,ARI,LB,MLB,17,,734.0,81.5,36.8,40.6,5.0,4.7,3.3,0.8,0.8,0.4,0.1,0.1,14,129.6
97,Zach Sieler,MIA,DL,DE,17,,798.0,69.7,25.2,35.5,7.0,9.2,1.8,0.9,1.0,0.5,0.1,0.2,14,129.5
98,Nate Landman,LAR,LB,LILB,17,Q,631.0,93.9,43.0,49.8,6.0,1.4,1.4,0.5,0.7,0.4,0.0,0.1,8,128.8
99,Dorian Williams,BUF,LB,ROLB,17,,638.0,98.8,40.9,57.2,6.2,0.8,1.1,0.3,0.9,0.4,0.0,0.1,6,128.8
100,Edgerrin Cooper,GB,LB,ROLB,17,,569.0,85.2,33.7,47.1,5.0,4.2,3.9,1.0,0.7,0.3,0.1,0.2,15,128.7
101,Brian Burns,NYG,LB,OLB,17,,803.0,69.0,30.5,31.1,4.4,8.4,6.3,0.3,0.9,0.4,0.1,0.1,6,128.2
102,Byron Murphy,MIN,DB,CB,17,,940.0,69.7,37.0,32.7,1.9,0.0,12.3,3.3,1.2,0.6,0.0,0.4,52,128.1
103,D.J. Wonnum,CAR,LB,ROLB,17,,776.0,76.1,28.7,40.1,4.6,8.8,2.7,0.3,0.7,0.4,0.1,0.1,6,128.1
104,Mike Sainristil,WAS,DB,CB,17,,889.0,78.7,41.8,36.9,2.3,0.0,10.9,1.9,0.9,0.5,0.0,0.2,31,128.1
105,Deommodore Lenoir,SF,DB,LCB,17,Q,941.0,70.2,47.4,22.7,2.3,0.0,10.5,2.0,1.2,0.6,0.0,0.3,32,127.1
106,Will McDonald,NYJ,DL,DE,17,Q,679.0,59.5,19.9,28.0,5.4,13.5,2.4,0.5,0.7,0.3,0.2,0.1,8,126.9
107,Cam Taylor-Britt,CIN,DB,CB,17,,928.0,71.4,37.8,33.4,2.0,0.3,12.4,2.6,1.0,0.5,0.0,0.3,41,126.2
108,Trevon Diggs,DAL,DB,RCB,17,,957.0,67.3,43.9,23.4,2.2,0.1,12.8,2.0,1.1,0.5,0.0,0.3,33,125.4
109,Cameron Heyward,PIT,DL,DE,17,,710.0,68.9,25.9,36.6,7.4,6.9,5.8,0.3,0.8,0.4,0.1,0.1,6,124.9
110,Will Harris,WAS,DB,SS,17,,928.0,81.3,43.1,38.1,3.0,0.1,5.7,1.9,1.0,0.5,0.0,0.2,31,124.8
111,Kenny Moore,IND,DB,CB,17,,980.0,72.5,38.0,33.5,2.2,0.9,9.6,2.2,1.2,0.6,0.0,0.3,35,124.3
112,Jalen Pitre,HOU,DB,S,17,,871.0,81.0,51.0,30.0,3.0,0.1,6.8,0.5,0.9,0.5,0.0,0.1,10,124.0
113,Camryn Bynum,IND,DB,FS,17,,880.0,78.1,43.1,34.9,2.5,0.2,8.1,1.5,1.1,0.5,0.0,0.2,25,123.9
114,Demani Richardson,CAR,DB,FS,17,,770.0,81.2,44.8,36.2,3.1,0.2,5.2,1.8,0.7,0.4,0.0,0.2,28,123.4
115,Jaylon Jones,IND,DB,CB,17,,981.0,77.5,41.1,36.3,2.3,0.2,11.0,0.9,1.2,0.6,0.0,0.2,17,123.4
116,Josh Hines-Allen,JAC,DL,RDE,17,,744.0,55.3,23.8,21.0,5.5,12.1,2.1,0.6,0.7,0.4,0.2,0.1,10,123.1
117,Minkah Fitzpatrick,MIA,DB,FS,17,,984.0,84.8,46.8,37.9,2.9,0.1,4.8,0.6,1.2,0.6,0.0,0.1,13,123.0
118,Jartavius Martin,WAS,DB,FS,17,,917.0,81.6,44.7,36.2,3.0,0.7,2.7,1.8,0.9,0.5,0.0,0.2,29,123.0
119,Travon Walker,JAC,DL,DE,17,,768.0,66.7,24.2,34.2,6.7,9.5,1.5,0.2,0.8,0.4,0.1,0.1,5,122.1
120,DeForest Buckner,IND,DL,DT,17,Q,707.0,73.7,26.5,40.3,7.7,6.6,1.7,0.2,0.9,0.4,0.1,0.1,5,121.4
121,Charvarius Ward,IND,DB,LCB,17,,949.0,64.7,43.8,20.9,2.2,0.0,10.8,2.1,1.2,0.6,0.0,0.3,34,121.0
122,Jaylen Watson,KC,DB,CB,17,,862.0,73.2,37.7,33.3,2.1,2.2,11.2,0.6,0.9,0.5,0.0,0.1,10,120.2
123,Devon Witherspoon,SEA,DB,CB,17,,977.0,72.6,37.5,33.1,2.2,2.3,9.2,0.9,1.1,0.5,0.0,0.2,16,120.2
124,C.J. Gardner-Johnson,HOU,DB,SS,17,Q,910.0,69.7,37.0,32.7,2.5,0.0,8.4,2.7,0.9,0.5,0.0,0.3,42,118.9
125,Keisean Nixon,GB,DB,RCB,17,,913.0,67.2,42.7,22.8,2.1,1.7,8.5,1.3,1.1,0.6,0.0,0.2,21,118.8
126,L’Jarius Sneed,TEN,DB,RCB,17,Q,970.0,69.8,45.5,24.2,2.2,0.0,8.6,1.6,0.9,0.5,0.0,0.2,26,118.7
127,Riley Moss,DEN,DB,CB,17,,904.0,73.9,39.2,34.6,2.1,0.1,10.2,1.4,1.0,0.5,0.0,0.2,23,118.7
128,Chris Jones,KC,DL,DT,17,,825.0,65.9,22.5,34.2,6.6,9.2,0.9,0.4,0.9,0.4,0.1,0.1,7,118.7
129,SirVocea Dennis,TB,LB,RILB,17,,514.0,85.9,36.5,47.5,5.2,1.9,1.9,0.5,0.7,0.3,0.0,0.1,9,118.5
130,Dexter Lawrence,NYG,DL,NT,17,Q,741.0,64.9,23.7,33.7,6.7,8.6,1.6,0.3,0.8,0.4,0.1,0.1,6,118.3
131,Trent McDuffie,KC,DB,CB,17,,986.0,68.7,35.6,31.4,1.7,1.7,12.1,1.2,1.0,0.5,0.0,0.2,20,118.2
132,Derek Stingley Jr.,HOU,DB,CB,17,,925.0,60.6,32.2,28.4,1.7,0.0,14.0,3.1,1.0,0.5,0.0,0.4,49,117.9
133,Justin Madubuike,BAL,DL,DE,17,,700.0,61.4,21.7,30.7,6.1,9.7,1.5,0.3,1.0,0.5,0.1,0.1,6,117.4
134,Malik Hooker,DAL,DB,FS,17,,972.0,77.9,43.0,34.8,2.8,0.1,4.7,1.1,1.1,0.5,0.0,0.2,19,116.7
135,Jalen Ramsey,PIT,DB,RCB,17,,953.0,59.2,38.2,20.4,1.8,0.7,10.3,2.7,1.1,0.6,0.0,0.3,44,116.7
136,Isaiah Pola-Mao,LV,DB,FS,17,,856.0,78.0,42.7,34.5,2.7,0.9,4.0,1.0,1.0,0.5,0.0,0.2,18,116.6
137,Reed Blankenship,PHI,DB,FS,17,,879.0,72.7,40.2,32.5,2.6,0.1,5.6,2.2,1.0,0.5,0.0,0.3,35,116.6
138,Darnay Holmes,LV,DB,LCB,17,,746.0,59.6,39.2,18.8,1.8,1.7,8.8,2.6,0.8,0.4,0.0,0.3,40,116.1
139,Jaycee Horn,CAR,DB,RCB,17,Q,965.0,60.7,38.7,20.6,2.1,1.7,11.6,1.5,0.9,0.4,0.0,0.2,25,116.1
140,Kamari Lassiter,HOU,DB,CB,17,,900.0,69.1,36.7,32.4,2.1,0.0,11.2,1.7,0.9,0.5,0.0,0.2,27,115.9
141,Ji’Ayir Brown,SF,DB,SS,17,,827.0,75.6,40.1,35.4,2.8,0.1,5.3,1.5,1.0,0.5,0.0,0.2,25,115.6
142,Dante Fowler Jr.,DAL,DL,DE,17,,583.0,57.6,19.9,28.0,5.4,11.0,1.6,0.6,0.7,0.3,0.2,0.1,9,115.6
143,Brandon Stephens,NYJ,DB,SS,17,,930.0,71.8,37.8,33.3,1.8,0.8,8.0,1.6,1.0,0.5,0.0,0.2,26,115.5
144,Andre Cisco,NYJ,DB,FS,17,,907.0,69.8,38.4,31.1,2.4,0.3,6.5,2.2,0.9,0.5,0.0,0.3,36,115.4
145,Ifeatu Melifonwu,MIA,DB,SS,17,,676.0,64.9,32.0,28.2,2.2,4.8,4.2,1.8,0.8,0.4,0.1,0.2,30,114.6
146,Bryan Cook,KC,DB,FS,17,,883.0,75.5,41.7,33.7,2.4,0.1,5.3,1.4,0.9,0.5,0.0,0.2,23,114.6
147,Zach Allen,DEN,DL,DE,17,,875.0,65.8,24.4,34.5,6.9,6.9,1.7,0.3,1.0,0.5,0.1,0.1,6,114.2
148,Zyon McCollum,TB,DB,CB,17,,917.0,67.0,35.6,31.4,2.1,0.0,11.1,1.5,1.2,0.6,0.0,0.2,25,114.0
149,Leonard Williams,SEA,DL,DE,17,,692.0,61.6,22.8,32.1,6.4,7.5,2.8,0.6,0.8,0.4,0.1,0.1,9,114.0
150,Kamren Curl,LAR,DB,SS,17,,922.0,75.1,39.4,34.8,2.7,1.1,6.8,0.3,1.0,0.5,0.0,0.1,8,113.9
151,Christian Benford,BUF,DB,CB,17,,930.0,66.8,35.2,31.0,1.9,0.6,10.1,1.5,1.3,0.6,0.0,0.2,25,113.8
152,Trenton Simpson,BAL,LB,LILB,17,,581.0,79.9,36.5,42.3,5.1,1.3,3.2,0.3,0.9,0.4,0.0,0.1,6,113.8
153,Jared Verse,LAR,LB,ROLB,17,Q,730.0,71.5,28.1,39.3,4.7,5.4,2.2,0.4,0.8,0.4,0.1,0.1,8,113.6
154,Sydney Brown,PHI,DB,SS,17,,860.0,73.5,38.9,34.4,2.7,0.2,6.0,1.4,0.9,0.5,0.0,0.2,23,113.1
155,Alohi Gilman,LAC,DB,FS,17,,932.0,72.9,39.9,32.3,2.4,0.7,5.9,1.1,1.0,0.5,0.0,0.2,19,113.1
156,Devin Bush Jr.,CLE,LB,ROLB,17,,536.0,83.3,34.2,47.9,5.5,1.3,2.7,0.3,0.6,0.3,0.0,0.1,6,113.0
157,Danielle Hunter,HOU,DL,DE,17,,710.0,61.1,20.9,29.4,5.7,9.5,2.7,0.2,0.7,0.4,0.1,0.1,4,112.9
158,Tarheeb Still,LAC,DB,CB,17,,839.0,61.4,32.3,28.5,1.7,0.6,10.2,2.9,0.9,0.4,0.0,0.3,45,112.7
159,Michael Carter,NYJ,DB,RCB,17,,906.0,69.6,45.4,24.2,2.3,0.1,8.9,0.4,0.9,0.5,0.0,0.1,8,112.4
160,Carl Granderson,NO,DL,DE,17,,720.0,64.1,24.1,33.9,6.8,6.9,2.7,0.3,0.6,0.3,0.1,0.1,5,112.2
161,Eric Murray,JAC,DB,SS,17,,808.0,71.5,37.5,33.2,2.6,0.9,8.1,0.9,0.8,0.4,0.0,0.1,16,112.2
162,Leonard Floyd,ATL,LB,OLB,17,,569.0,53.6,21.7,22.1,3.0,12.3,1.6,0.2,0.6,0.3,0.2,0.1,5,112.1
163,Tyson Campbell,JAC,DB,RCB,17,,906.0,66.4,43.3,23.1,2.1,0.0,9.3,1.0,0.9,0.5,0.0,0.2,18,112.0
164,Adam Butler,LV,DL,DT,17,,778.0,68.1,25.0,38.0,7.3,5.3,1.4,0.3,0.9,0.4,0.1,0.1,6,111.3
165,George Karlaftis,KC,DL,DE,17,,828.0,56.9,19.8,27.9,5.5,9.3,3.6,0.2,0.9,0.4,0.1,0.1,5,111.1
166,Dre Greenlaw,DEN,LB,LILB,17,,520.0,82.1,37.6,43.6,5.3,0.9,2.2,0.2,0.6,0.3,0.0,0.1,4,111.1
167,Calijah Kancey,TB,DL,DE,17,,697.0,61.3,21.8,30.8,6.1,8.2,1.2,0.4,0.9,0.5,0.1,0.1,7,110.9
168,Jourdan Lewis,JAC,DB,CB,17,,841.0,69.0,36.4,32.1,2.0,0.6,8.9,1.2,0.8,0.4,0.0,0.2,20,110.7
169,Will Anderson,HOU,DL,DE,17,,647.0,61.2,21.0,29.7,5.7,9.2,1.7,0.2,0.7,0.3,0.1,0.1,4,110.3
170,Juan Thornhill,PIT,DB,SS,17,,674.0,78.3,41.5,36.6,3.0,0.1,4.5,0.4,0.8,0.4,0.0,0.1,7,109.8
171,Khalil Mack,LAC,LB,OLB,17,,613.0,52.5,21.7,22.1,3.1,10.1,5.7,0.2,0.6,0.3,0.1,0.1,4,109.7
172,Akeem Davis-Gaither,ARI,LB,LILB,17,,537.0,77.0,35.6,41.3,4.8,0.2,3.7,1.0,0.6,0.3,0.0,0.2,15,109.7
173,Jaden Hicks,KC,DB,SS,17,,729.0,64.8,34.3,30.3,2.1,0.2,5.7,3.0,0.8,0.4,0.0,0.3,47,109.7
174,A.J. Terrell,ATL,DB,CB,17,,971.0,67.8,36.0,31.7,2.1,0.0,8.8,1.3,1.0,0.5,0.0,0.2,22,109.3
175,Christian Elliss,NE,LB,RILB,17,,518.0,76.9,32.8,42.6,4.9,1.7,3.0,0.7,0.5,0.3,0.0,0.1,10,109.2
176,James Williams,TEN,LB,LILB,17,,524.0,80.5,37.1,43.0,5.1,0.6,2.0,0.4,0.5,0.3,0.0,0.1,7,109.0
177,Dax Hill,CIN,DB,CB,17,,823.0,67.0,34.9,30.8,2.0,1.5,8.8,0.8,0.9,0.4,0.0,0.1,14,108.8
178,Gregory Rousseau,BUF,DL,DE,17,,694.0,60.1,22.0,31.1,6.1,7.3,2.2,0.3,1.0,0.5,0.1,0.1,6,108.7
179,Ahkello Witherspoon,LAR,DB,LCB,17,,885.0,55.3,37.4,17.9,1.7,0.0,11.2,2.2,1.0,0.5,0.0,0.3,35,108.5
180,Derrick Brown,CAR,DL,DE,17,,912.0,67.2,27.3,38.5,7.6,1.6,2.6,1.3,0.8,0.4,0.0,0.2,18,108.4
181,Jaire Alexander,BAL,DB,LCB,17,Q,814.0,55.6,37.5,18.0,1.7,0.1,11.2,1.9,1.2,0.6,0.0,0.3,31,108.3
182,Carlton Davis,NE,DB,CB,17,,825.0,62.7,33.3,29.4,1.9,0.0,11.0,1.9,0.8,0.4,0.0,0.2,30,108.2
183,Rasul Douglas,MIA,DB,CB,17,,882.0,63.7,33.6,29.6,2.0,0.5,8.2,1.8,1.1,0.5,0.0,0.2,30,107.9
184,Arden Key,TEN,LB,LOLB,17,,732.0,58.1,21.2,29.4,3.2,9.6,1.8,0.3,0.7,0.4,0.1,0.1,6,107.9
185,Isaiah McDuffie,GB,LB,LOLB,17,,610.0,80.7,33.4,46.3,4.8,0.9,2.7,0.2,0.7,0.4,0.0,0.1,5,107.9
186,Leo Chenal,KC,LB,ROLB,17,,526.0,75.4,30.2,42.3,4.9,2.9,3.1,0.2,0.5,0.3,0.1,0.1,4,107.8
187,Christian Gonzalez,NE,DB,CB,17,Q,920.0,60.7,31.9,28.1,1.7,0.8,10.6,1.8,0.9,0.5,0.0,0.2,30,107.5
188,D.J. Reed,DET,DB,RCB,17,,927.0,61.4,39.7,21.1,2.1,0.5,10.9,0.7,0.9,0.5,0.0,0.1,12,107.5
189,Matt Milano,BUF,LB,WLB,17,,719.0,65.7,34.6,30.3,4.3,0.8,2.7,1.8,1.0,0.5,0.0,0.3,27,107.3
190,Darious Williams,LAR,DB,LCB,17,,910.0,56.4,38.1,18.2,1.8,0.0,9.5,2.1,1.0,0.5,0.0,0.3,34,107.0
191,Jaelan Phillips,MIA,LB,LOLB,17,,585.0,59.6,22.0,30.5,3.5,7.2,3.7,0.8,0.7,0.4,0.1,0.1,13,106.9
192,Talanoa Hufanga,DEN,DB,SS,17,,691.0,71.4,37.9,33.5,2.7,0.1,3.3,1.7,0.8,0.4,0.0,0.2,27,106.8
193,Ahmad Gardner,NYJ,DB,CB,17,,907.0,65.1,34.3,30.3,2.1,0.5,9.5,1.1,0.9,0.5,0.0,0.2,18,106.8
194,Bradley Chubb,MIA,LB,OLB,17,,645.0,59.2,25.4,25.9,3.5,8.0,2.2,0.3,0.8,0.4,0.1,0.1,6,106.8
195,B.J. Hill,CIN,DL,DT,17,Q,707.0,64.5,24.3,36.9,7.3,3.4,3.4,0.7,0.8,0.4,0.1,0.2,11,106.6
196,Taron Johnson,BUF,DB,CB,17,,813.0,64.8,33.9,29.9,1.9,1.0,8.4,1.0,1.1,0.6,0.0,0.2,18,106.6
197,Michael Jackson,CAR,DB,RCB,17,,991.0,58.8,38.3,20.4,1.7,0.0,12.4,1.1,0.9,0.5,0.0,0.1,18,106.4
198,Marshon Lattimore,WAS,DB,RCB,17,,840.0,61.4,40.0,21.3,1.9,0.0,9.4,1.1,0.9,0.4,0.0,0.2,18,105.7
199,Denzel Perryman,LAC,LB,MLB,17,,527.0,77.1,36.3,40.0,5.0,1.1,1.4,0.2,0.5,0.3,0.0,0.1,5,105.7
200,Nakobe Dean,PHI,LB,RILB,11,O,549.0,74.9,31.8,41.4,4.8,1.7,2.5,0.5,0.6,0.3,0.0,0.1,8,105.6
201,Kyle Van Noy,BAL,LB,OLB,17,,571.0,52.7,21.3,21.7,2.6,10.4,2.0,0.3,0.8,0.4,0.2,0.1,6,105.5
202,Kelee Ringo,PHI,DB,CB,17,,860.0,58.7,31.0,27.4,1.7,0.2,9.7,2.4,0.9,0.5,0.0,0.3,38,105.5
203,Tykee Smith,TB,DB,SS,17,,696.0,62.8,33.3,29.4,2.1,0.1,7.2,2.2,0.9,0.5,0.0,0.3,35,105.4
204,Mike Hughes,ATL,DB,LCB,17,,887.0,61.3,41.4,19.8,2.0,0.1,9.6,0.6,0.9,0.5,0.0,0.1,11,105.0
205,Zach Harrison,ATL,DL,DE,17,,590.0,58.8,22.5,31.7,6.4,5.8,3.2,0.4,0.6,0.3,0.1,0.1,7,104.9
206,Kyler Gordon,CHI,DB,DB,17,Q,764.0,67.0,38.9,27.3,2.2,0.8,5.9,0.8,0.8,0.4,0.0,0.1,14,104.9
207,Joey Porter,PIT,DB,CB,17,,926.0,65.5,34.7,30.7,1.9,0.0,8.6,1.0,1.1,0.5,0.0,0.2,18,104.5
208,Vita Vea,TB,DL,NT,17,,663.0,60.9,22.6,32.1,6.5,5.9,1.4,0.4,0.9,0.4,0.1,0.1,7,104.4
209,Denzel Ward,CLE,DB,LCB,17,,765.0,51.9,35.1,16.8,1.6,0.0,12.6,2.1,0.9,0.4,0.0,0.2,33,104.4
210,Billy Bowman Jr.,ATL,DB,S,17,,887.0,65.9,41.5,24.4,2.5,0.0,4.9,1.0,0.9,0.5,0.0,0.2,17,104.4
211,Xavier Watts,ATL,DB,FS,17,,887.0,69.1,38.2,30.9,2.5,0.0,4.9,1.0,0.9,0.5,0.0,0.2,17,104.4
212,Ronnie Hickman,CLE,DB,FS,17,,694.0,71.9,39.7,32.1,2.7,0.1,3.2,0.9,0.8,0.4,0.0,0.1,15,104.2
213,YaYa Diaby,TB,LB,ROLB,17,,689.0,65.3,24.8,34.7,4.2,5.6,1.1,0.4,0.9,0.5,0.1,0.1,7,103.8
214,Jonathon Cooper,DEN,LB,LOLB,17,,699.0,60.1,21.9,30.5,3.3,7.6,1.7,0.5,0.8,0.4,0.1,0.1,9,103.4
215,Cole Bishop,BUF,DB,SS,17,,712.0,69.6,36.9,32.5,2.6,0.2,4.2,0.8,1.0,0.5,0.0,0.1,14,102.6
216,Jarvis Brownlee Jr.,TEN,DB,CB,17,,852.0,64.5,34.2,30.2,2.0,0.1,8.8,1.0,0.8,0.4,0.0,0.1,17,102.2
217,Jamel Dean,TB,DB,RCB,17,,849.0,58.5,38.2,20.3,1.7,0.0,8.9,1.0,1.1,0.6,0.0,0.2,18,102.2
218,Javon Hargrave,MIN,DL,NT,17,,637.0,58.9,21.6,30.7,6.3,6.2,1.3,0.4,0.8,0.4,0.1,0.1,7,102.1
219,Demarcus Lawrence,SEA,LB,OLB,17,,624.0,58.4,26.0,26.6,3.7,6.6,1.7,0.4,0.7,0.3,0.1,0.1,7,102.1
220,Tariq Woolen,SEA,DB,CB,17,,896.0,54.2,28.8,25.4,1.6,0.0,11.6,2.3,1.0,0.5,0.0,0.3,36,102.0
221,Jalen Carter,PHI,DL,DE,17,,821.0,54.4,19.7,27.8,5.5,6.5,4.4,0.3,0.9,0.4,0.1,0.1,6,101.8
222,Keion White,NE,LB,OLB,17,,737.0,61.2,28.2,28.8,3.9,4.3,4.2,0.3,0.7,0.4,0.1,0.1,6,101.7
223,Tyrique Stevenson,CHI,DB,CB,17,,806.0,57.8,30.7,27.1,1.7,0.0,10.8,1.9,0.8,0.4,0.0,0.2,30,101.7
224,Payton Wilson,PIT,LB,RILB,17,,518.0,74.4,32.3,42.0,4.5,0.2,2.4,0.8,0.6,0.3,0.0,0.1,12,101.7
225,Jevon Holland,NYG,DB,FS,17,,927.0,67.2,36.8,29.8,2.4,0.7,3.9,0.7,1.0,0.5,0.0,0.1,13,101.2
226,Evan Williams,GB,DB,FS,17,,665.0,67.0,37.0,29.9,2.4,0.1,4.3,1.1,0.8,0.4,0.0,0.2,18,100.9
227,Isaac Yiadom,NO,DB,RCB,17,,757.0,56.0,36.5,19.5,1.9,0.0,9.3,1.6,0.7,0.3,0.0,0.2,26,100.6
228,Nik Bonitto,DEN,LB,ROLB,17,,603.0,53.6,18.6,26.0,2.7,9.0,2.7,0.6,0.7,0.3,0.1,0.1,9,100.4
229,Calen Bullock,HOU,DB,FS,17,,890.0,55.3,30.5,24.7,1.8,0.1,8.4,2.3,0.9,0.5,0.0,0.3,37,99.7
230,Uchenna Nwosu,SEA,LB,WLB,17,,524.0,61.1,30.8,26.9,4.0,3.9,2.5,0.4,0.6,0.3,0.1,0.1,6,99.6
231,Darius Slay,PIT,DB,LCB,17,,805.0,52.7,35.6,17.1,1.6,0.0,12.2,1.0,0.9,0.5,0.0,0.2,18,99.6
232,Cameron Mitchell,CLE,DB,CB,17,,754.0,62.4,32.4,28.6,1.8,1.3,7.7,0.6,0.9,0.4,0.0,0.1,11,99.1
233,Renardo Green,SF,DB,CB,17,,720.0,60.7,32.2,28.5,1.8,0.1,9.5,1.0,0.9,0.4,0.0,0.2,17,99.1
234,Braden Fiske,LAR,DL,DE,17,,588.0,50.4,18.2,25.6,5.0,8.7,0.9,0.3,0.7,0.3,0.1,0.1,6,98.9
235,Josh Sweat,ARI,LB,ROLB,17,,648.0,55.9,20.6,28.8,3.3,7.5,2.4,0.3,0.7,0.4,0.1,0.1,5,98.8
236,Coby Bryant,SEA,DB,FS,17,,733.0,59.9,33.1,26.8,2.0,0.1,5.2,2.0,0.8,0.4,0.0,0.3,33,98.5
237,Joey Bosa,BUF,DL,DE,17,,564.0,50.0,17.1,24.1,4.7,9.2,1.1,0.3,0.8,0.4,0.1,0.1,5,98.3
238,Deonte Banks,NYG,DB,CB,17,,900.0,58.0,30.8,27.2,1.6,0.0,10.5,1.1,1.0,0.5,0.0,0.2,19,98.2
239,Calais Campbell,ARI,DL,DE,17,,576.0,54.7,20.8,29.3,6.0,5.3,3.9,0.3,0.6,0.3,0.1,0.1,5,97.8
240,Cooper DeJean,PHI,DB,DB,17,,860.0,58.8,34.0,23.9,1.6,0.8,8.5,0.6,0.9,0.5,0.0,0.1,11,97.6
241,Tershawn Wharton,CAR,DL,DE,17,,621.0,49.9,17.9,25.3,4.9,8.0,2.5,0.4,0.6,0.3,0.1,0.1,7,97.6
242,Nate Hobbs,GB,DB,LCB,17,,777.0,54.3,36.3,17.4,1.8,0.6,8.0,1.1,0.9,0.5,0.0,0.2,18,97.5
243,Kwity Paye,IND,DL,DE,17,Q,636.0,54.0,19.2,27.0,5.2,7.5,1.0,0.2,0.8,0.4,0.1,0.1,4,97.3
244,Elandon Roberts,LV,LB,ILB,17,,527.0,68.1,31.9,34.4,4.6,1.8,1.3,0.2,0.6,0.3,0.0,0.1,4,97.2
245,Garrett Williams,ARI,DB,CB,17,,762.0,55.3,29.3,25.9,1.7,0.1,8.0,2.3,0.8,0.4,0.0,0.3,36,97.2
246,Darnell Savage,JAC,DB,SS,17,,841.0,62.5,33.1,29.3,2.4,0.1,6.7,0.8,0.8,0.4,0.0,0.1,14,96.8
247,Osa Odighizuwa,DAL,DL,DT,17,,783.0,58.7,21.8,33.1,6.4,4.4,1.4,0.2,0.9,0.4,0.1,0.1,5,96.7
248,Rashan Gary,GB,DL,DE,17,,568.0,53.3,19.0,26.8,5.4,7.2,1.4,0.2,0.7,0.3,0.1,0.1,4,96.4
249,Patrick Surtain II,DEN,DB,LCB,17,,892.0,47.1,31.8,15.2,1.4,0.0,11.3,1.9,1.0,0.5,0.0,0.2,31,95.8
250,Jaylon Johnson,CHI,DB,CB,17,Q,952.0,53.2,28.3,25.0,1.6,0.0,9.5,2.0,1.0,0.5,0.0,0.3,32,95.8
251,Odafe Oweh,BAL,LB,OLB,17,,537.0,51.8,21.9,22.3,2.8,8.2,1.0,0.2,0.8,0.4,0.1,0.1,5,95.7
252,Malcolm Koonce,LV,DL,DE,17,,578.0,47.8,16.4,23.2,4.6,8.6,1.7,0.5,0.7,0.3,0.1,0.1,8,95.4
253,Tuli Tuipulotu,LAC,LB,LOLB,17,,669.0,53.8,19.9,27.7,3.1,7.3,2.4,0.2,0.7,0.3,0.1,0.1,4,95.0
254,Jalen Redmond,MIN,DL,DE,17,,593.0,57.1,22.1,31.2,6.2,3.5,3.3,0.4,0.7,0.4,0.1,0.1,7,94.9
255,Devin Bush,CLE,LB,ROLB,17,,758.0,68.2,28.4,39.8,4.3,0.0,2.5,0.7,0.9,0.4,0.0,0.1,12,94.6
256,Von Miller,WAS,DL,RDE,17,,568.0,48.2,21.5,19.0,5.1,7.1,1.3,0.6,0.6,0.3,0.1,0.1,9,94.3
257,Bryan Bresee,NO,DL,DT,17,,617.0,48.0,16.1,24.5,4.7,8.3,2.6,0.3,0.5,0.3,0.1,0.1,5,94.2
258,Kaiir Elam,DAL,DB,CB,17,,706.0,60.8,32.3,28.5,1.8,0.1,7.8,0.7,0.8,0.4,0.0,0.1,12,94.2
259,Oren Burks,CIN,LB,ROLB,17,,588.0,64.6,26.4,37.0,4.1,1.2,3.1,0.8,0.6,0.3,0.0,0.1,13,93.9
260,Chau Smith-Wade,CAR,DB,CB,17,,742.0,57.0,30.2,26.7,1.7,0.1,7.4,1.7,0.7,0.3,0.0,0.2,26,93.8
261,Roger McCreary,TEN,DB,CB,17,,704.0,58.9,30.5,26.9,1.6,1.8,5.8,0.7,0.7,0.3,0.0,0.1,12,93.5
262,Tony Adams,NYJ,DB,SS,17,,503.0,61.8,32.6,28.8,2.4,0.4,4.2,1.2,0.5,0.3,0.0,0.1,19,92.9
263,Kristian Fulton,KC,DB,RCB,17,,785.0,54.0,35.2,18.8,1.6,0.0,8.9,0.7,0.8,0.4,0.0,0.1,13,92.8
264,Isaiah McGuire,CLE,DL,DE,17,,588.0,56.5,21.8,30.7,6.2,4.0,1.2,0.4,0.7,0.3,0.1,0.1,7,92.8
265,Chase Young,NO,LB,OLB,17,,644.0,49.0,20.9,21.3,2.7,7.6,2.5,0.3,0.6,0.3,0.1,0.1,5,92.4
266,Sebastian Joseph-Day,TEN,DL,DE,17,,576.0,54.9,21.3,30.1,6.1,4.5,1.6,0.2,0.6,0.3,0.1,0.1,4,92.2
267,Quinnen Williams,NYJ,DL,DT,17,,674.0,53.0,19.4,29.4,5.7,4.9,0.7,0.7,0.7,0.3,0.1,0.2,11,92.2
268,Christian Barmore,NE,DL,NT,17,,587.0,51.1,18.5,26.4,5.3,6.5,1.3,0.3,0.6,0.3,0.1,0.1,5,92.0
269,Joseph Ossai,CIN,DL,DE,17,,585.0,54.6,20.6,29.0,5.8,5.2,1.0,0.2,0.6,0.3,0.1,0.1,4,91.8
270,Gervon Dexter,CHI,DL,DT,17,,662.0,55.0,19.7,29.9,5.8,5.1,1.4,0.2,0.7,0.3,0.1,0.1,4,91.7
271,Ed Oliver,BUF,DL,DT,17,,660.0,48.7,16.8,25.5,4.9,6.7,0.9,0.6,0.9,0.5,0.1,0.1,10,91.5
272,Jarran Reed,SEA,DL,DE,17,,607.0,51.5,19.4,27.3,5.5,5.5,2.1,0.2,0.7,0.3,0.1,0.1,5,91.4
273,Marcus Davenport,DET,DL,DE,17,,639.0,48.8,17.4,24.6,4.9,6.9,1.8,0.4,0.6,0.3,0.1,0.1,7,91.4
274,Michael Danna,KC,DL,DE,17,,597.0,54.5,20.6,29.1,5.8,4.7,1.7,0.2,0.6,0.3,0.1,0.1,4,91.1
275,Amik Robertson,DET,DB,CB,17,,718.0,55.6,29.2,25.8,1.6,0.6,8.5,0.9,0.7,0.4,0.0,0.1,15,90.9
276,Terrion Arnold,DET,DB,CB,17,Q,889.0,57.0,30.2,26.7,1.5,0.1,9.4,0.4,0.9,0.4,0.0,0.1,9,90.8
277,Dorance Armstrong,WAS,DL,DE,17,,605.0,51.6,18.6,26.2,5.1,6.3,1.0,0.3,0.6,0.3,0.1,0.1,6,90.6
278,Greg Newsome II,CLE,DB,RCB,17,Q,754.0,49.5,32.1,17.1,1.5,0.3,7.7,1.5,0.9,0.4,0.0,0.2,25,90.5
279,Jeff Okudah,MIN,DB,RCB,17,,738.0,53.1,34.6,18.4,1.8,0.0,8.1,0.5,0.9,0.5,0.0,0.1,10,90.5
280,Andru Phillips,NYG,DB,CB,17,,693.0,56.1,29.2,25.8,1.6,1.2,5.3,1.1,0.8,0.4,0.0,0.2,19,90.1
281,Carson Schwesinger,CLE,LB,MLB,17,,536.0,64.9,30.8,34.0,4.2,0.0,2.2,0.5,0.6,0.3,0.0,0.1,8,90.1
282,Isaiah Rodgers,MIN,DB,CB,17,,738.0,55.7,29.5,26.1,1.7,0.1,8.5,0.7,0.9,0.5,0.0,0.1,12,89.9
283,Patrick Jones,CAR,LB,LOLB,17,,528.0,55.3,21.0,29.2,3.2,6.0,1.1,0.2,0.5,0.2,0.1,0.1,4,89.9
284,Damar Hamlin,BUF,DB,SS,17,,613.0,59.5,31.6,27.9,2.1,0.1,3.4,1.1,0.8,0.4,0.0,0.2,19,89.4
285,Storm Duck,MIA,DB,CB,17,,734.0,56.2,29.8,26.3,1.7,0.1,8.0,0.6,0.9,0.4,0.0,0.1,11,89.4
286,Harrison Phillips,NYJ,DL,DT,17,,604.0,56.5,21.6,32.8,6.5,2.4,2.9,0.2,0.6,0.3,0.0,0.1,4,89.4
287,Donte Jackson,LAC,DB,LCB,17,,816.0,45.4,30.7,14.7,1.2,0.0,9.1,1.9,0.8,0.4,0.0,0.2,31,89.4
288,Marcus Jones,NE,DB,CB,17,,673.0,55.4,29.4,26.0,1.6,0.1,8.8,0.8,0.7,0.3,0.0,0.1,14,89.1
289,David Onyemata,ATL,DL,NT,17,,590.0,51.1,19.5,27.7,5.7,4.9,1.3,0.3,0.6,0.3,0.1,0.1,5,88.8
290,Montez Sweat,CHI,DL,DE,17,,610.0,45.1,15.2,21.5,4.3,8.2,2.2,0.2,0.6,0.3,0.1,0.1,4,88.6
291,Kool-Aid McKinstry,NO,DB,CB,17,,760.0,55.6,29.5,26.0,1.7,0.1,8.2,0.7,0.7,0.3,0.0,0.1,13,87.9
292,Maliek Collins,CLE,DL,DT,17,,682.0,51.7,18.5,28.2,5.4,5.0,0.8,0.3,0.8,0.4,0.1,0.1,5,87.7
293,Dee Winters,SF,LB,ROLB,17,,566.0,59.6,24.4,34.1,3.5,1.4,4.5,0.3,0.7,0.4,0.0,0.1,5,87.6
294,Jarrian Jones,JAC,DB,CB,17,,689.0,49.6,25.8,22.8,1.4,1.1,8.3,1.4,0.7,0.3,0.0,0.2,22,87.5
295,Cam Hart,LAC,DB,CB,17,,685.0,52.3,27.4,24.2,1.4,0.8,8.6,0.8,0.7,0.4,0.0,0.1,13,87.1
296,Broderick Washington,BAL,DL,DE,17,,563.0,49.8,19.1,27.0,5.4,4.0,2.6,0.3,0.8,0.4,0.1,0.1,7,86.9
297,Poona Ford,LAR,DL,NT,17,,588.0,47.8,18.4,26.2,5.3,4.2,2.4,0.7,0.7,0.3,0.1,0.2,11,86.8
298,Max Melton,ARI,DB,CB,17,,735.0,54.5,28.9,25.5,1.5,0.1,7.7,0.7,0.8,0.4,0.0,0.1,12,86.3
299,Cameron Jordan,NO,DL,DE,17,,593.0,49.5,19.2,27.1,5.4,3.6,2.9,0.6,0.5,0.3,0.1,0.1,9,85.9
300,Devonte Wyatt,GB,DL,DT,17,,511.0,50.3,17.8,27.0,5.2,5.4,0.9,0.3,0.6,0.3,0.1,0.1,5,85.8
301,Josh Jobe,SEA,DB,CB,17,,705.0,51.1,27.1,23.9,1.4,0.1,9.3,0.9,0.8,0.4,0.0,0.1,15,85.6
302,Nate Wiggins,BAL,DB,CB,17,,682.0,49.7,26.4,23.3,1.4,0.1,9.8,0.8,1.0,0.5,0.0,0.1,14,85.4
303,Nolan Smith,PHI,LB,LOLB,17,,562.0,49.5,17.9,24.9,2.7,6.3,2.2,0.3,0.6,0.3,0.1,0.1,5,85.2
304,Eric Stokes,LV,DB,RCB,17,,746.0,52.6,34.3,18.3,1.5,0.1,5.6,0.5,0.8,0.4,0.0,0.1,10,85.2
305,Jaylon Carlies,IND,LB,LOLB,13,,436.0,59.3,23.8,33.1,3.7,2.4,1.8,0.2,0.5,0.3,0.0,0.1,5,85.1
306,Laiatu Latu,IND,DL,DE,17,,573.0,48.4,18.0,25.4,5.0,4.8,1.6,0.3,0.7,0.3,0.1,0.1,6,84.4
307,Rakeem Nunez-Roches,NYG,DL,DE,17,,644.0,53.2,21.3,30.1,6.1,2.1,2.3,0.2,0.7,0.4,0.0,0.1,4,84.1
308,Haason Reddick,TB,LB,SLB,17,,552.0,47.0,21.7,19.6,2.9,5.4,2.1,0.2,0.7,0.4,0.1,0.1,5,84.0
309,John Franklin-Myers,DEN,DL,DE,17,,572.0,48.4,17.9,25.3,5.0,5.2,1.0,0.3,0.6,0.3,0.1,0.1,5,83.9
310,Kyu Blu Kelly,LV,DB,CB,17,Q,746.0,51.9,27.5,24.3,1.5,0.0,7.7,0.7,0.8,0.4,0.0,0.1,13,83.6
311,Da’Ron Payne,WAS,DL,DT,17,,644.0,52.8,19.6,29.8,5.8,3.1,1.4,0.2,0.7,0.3,0.1,0.1,4,83.5
312,Marist Liufau,DAL,LB,ROLB,17,,542.0,57.1,23.1,32.3,3.5,1.9,3.0,0.2,0.6,0.3,0.0,0.1,5,83.1
313,Grover Stewart,IND,DL,DT,17,,597.0,52.8,20.0,30.4,6.0,2.2,2.3,0.2,0.7,0.4,0.0,0.1,4,82.8
314,T’Vondre Sweat,TEN,DL,NT,17,Q,653.0,53.4,21.5,30.6,6.3,1.6,1.4,0.4,0.6,0.3,0.0,0.1,6,82.6
315,Brandon Codrington,BUF,DB,CB,17,,666.0,50.5,26.7,23.6,1.4,0.2,8.2,0.5,0.9,0.5,0.0,0.1,10,82.4
316,Devin White,LV,LB,ROLB,17,,527.0,56.1,22.9,32.0,3.6,1.3,1.6,0.9,0.6,0.3,0.0,0.2,14,82.4
317,Upton Stout,SF,DB,CB,17,Q,720.0,51.3,27.2,24.0,1.5,0.0,7.5,0.6,0.9,0.4,0.0,0.1,12,82.3
318,Marshawn Kneeland,DAL,DL,DE,17,,583.0,51.3,20.5,28.9,5.8,2.1,2.4,0.3,0.7,0.3,0.0,0.1,6,82.0
319,Jonathan Allen,MIN,DL,DE,17,,593.0,50.0,19.2,27.1,5.4,3.5,1.3,0.2,0.7,0.4,0.1,0.1,5,81.8
320,Baron Browning,ARI,LB,LOLB,17,,537.0,49.0,18.7,26.0,2.9,4.9,1.3,0.4,0.6,0.3,0.1,0.1,7,81.2
321,Segun Olubi,IND,LB,ROLB,17,,576.0,54.3,22.3,31.2,3.4,0.8,2.1,1.1,0.7,0.4,0.0,0.2,17,81.0
322,Isaiah Oliver,NYJ,DB,RCB,17,,584.0,47.7,30.8,16.4,1.6,0.7,5.4,0.9,0.6,0.3,0.0,0.1,14,81.0
323,Craig Woodson,NE,DB,FS,17,,673.0,55.0,30.4,24.6,2.0,0.0,3.7,0.5,0.7,0.3,0.0,0.1,10,80.8
324,Quinyon Mitchell,PHI,DB,CB,17,,884.0,47.1,25.0,22.0,1.3,0.1,10.4,0.4,1.0,0.5,0.0,0.1,9,80.8
325,Maason Smith,JAC,DL,DT,17,,528.0,44.2,15.8,24.0,4.6,5.2,2.4,0.4,0.5,0.3,0.1,0.1,6,80.8
326,Travis Jones,BAL,DL,DT,17,,573.0,52.1,20.0,30.4,6.0,1.8,0.7,0.3,0.8,0.4,0.0,0.1,5,80.1
327,Will Johnson,ARI,DB,CB,17,,735.0,48.6,25.8,22.8,1.4,0.0,7.7,0.9,0.8,0.4,0.0,0.1,15,80.1
328,Byron Young,PHI,LB,RDE,17,,718.0,44.3,20.5,18.1,2.8,5.4,1.5,0.2,0.8,0.4,0.1,0.1,4,79.8
329,Josh Blackwell,CHI,DB,CB,17,,683.0,45.9,24.3,21.5,1.3,0.1,8.5,1.1,0.7,0.3,0.0,0.2,19,79.3
330,Khyiris Tonga,NE,DL,DE,17,,587.0,53.1,21.8,30.7,6.3,0.6,1.4,0.4,0.6,0.3,0.0,0.1,7,79.1
331,Derrick Barnes,DET,LB,OLB,17,,633.0,53.2,25.9,26.4,3.6,0.9,2.9,0.2,0.6,0.3,0.0,0.1,4,79.0
332,Logan Hall,TB,DL,DE,17,,573.0,45.8,17.3,24.4,4.9,4.0,1.6,0.3,0.8,0.4,0.1,0.1,6,78.8
333,Lukas Van Ness,GB,DL,DT,17,,511.0,47.3,17.0,25.9,5.0,4.3,0.8,0.2,0.6,0.3,0.1,0.1,5,78.8
334,Dayo Odeyingbo,CHI,DL,DE,17,,644.0,43.5,15.5,21.9,4.4,5.9,1.0,0.2,0.6,0.3,0.1,0.1,4,78.7
335,Jason Marshall Jr.,MIA,DB,CB,17,,734.0,48.2,25.6,22.6,1.5,0.0,7.6,0.6,0.9,0.4,0.0,0.1,11,78.6
336,D.J. Turner,CIN,DB,CB,17,,694.0,48.3,25.4,22.4,1.2,0.5,9.0,0.1,0.7,0.4,0.0,0.1,4,78.5
337,Roy Robertson-Harris,NYG,DL,DE,17,,601.0,45.4,17.4,24.6,4.9,3.9,2.0,0.2,0.7,0.3,0.1,0.1,4,78.4
338,Javon Kinlaw,WAS,DL,DT,17,,600.0,48.0,17.4,26.5,5.2,3.7,0.7,0.3,0.6,0.3,0.1,0.1,5,78.2
339,Grady Jarrett,CHI,DL,DT,17,,669.0,49.6,18.6,28.3,5.5,2.6,0.7,0.2,0.7,0.3,0.0,0.1,4,77.0
340,Trey Amos,WAS,DB,CB,17,,668.0,48.2,25.6,22.6,1.4,0.0,6.9,0.7,0.7,0.3,0.0,0.1,12,76.8
341,Davon Godchaux,NO,DL,DT,17,,623.0,54.0,21.4,32.5,6.5,0.2,1.2,0.2,0.5,0.3,0.0,0.1,4,76.7
342,Jahdae Barron,DEN,DB,CB,17,,714.0,46.7,24.8,21.9,1.4,0.0,7.4,0.6,0.8,0.4,0.0,0.1,11,76.0
343,Christian Harris,HOU,LB,LOLB,17,,522.0,55.8,22.8,31.7,3.3,1.1,1.6,0.2,0.5,0.3,0.0,0.1,4,76.0
344,Ruke Orhorhoro,ATL,DL,DE,17,,590.0,46.4,18.7,26.3,5.3,1.8,1.6,0.5,0.6,0.3,0.0,0.1,8,75.1
345,Mazi Smith,DAL,DL,DT,17,,530.0,49.5,19.0,28.8,5.7,1.9,0.8,0.2,0.6,0.3,0.0,0.1,4,74.8
346,Da’Shawn Hand,LAC,DL,DE,17,,579.0,45.2,17.8,25.0,5.1,2.8,1.6,0.3,0.6,0.3,0.0,0.1,5,74.8
347,Otito Ogbonnia,LAC,DL,DE,17,,579.0,49.7,20.3,28.6,5.7,0.9,1.9,0.2,0.6,0.3,0.0,0.1,4,74.8
348,Jacob Parrish,TB,DB,CB,17,,668.0,45.0,23.9,21.1,1.4,0.0,7.0,0.8,0.9,0.4,0.0,0.1,14,74.7
349,Teair Tart,LAC,DL,DT,17,,527.0,45.8,17.5,26.6,5.2,2.0,1.5,0.7,0.5,0.3,0.0,0.1,10,74.5
350,Byron Murphy II,SEA,DL,DT,17,,591.0,48.4,18.7,28.5,5.6,1.4,0.9,0.4,0.7,0.3,0.0,0.1,7,74.0
351,Jordan Magee,WAS,LB,LOLB,17,,516.0,47.8,18.6,25.8,2.8,3.1,1.7,0.5,0.5,0.3,0.0,0.1,8,74.0
352,Chuck Clark,PIT,DB,SS,17,,549.0,50.6,26.5,23.4,1.9,0.8,2.6,0.3,0.6,0.3,0.0,0.1,6,74.0
353,Tim Settle,HOU,DL,DT,17,,561.0,45.7,16.5,25.1,4.8,3.6,0.7,0.2,0.6,0.3,0.1,0.1,4,73.6
354,A’Shawn Robinson,CAR,DL,DE,17,,465.0,46.6,18.4,25.9,5.2,2.6,1.0,0.2,0.4,0.2,0.0,0.0,3,73.4
355,Cedric Gray,TEN,LB,LILB,17,,267.0,51.4,23.1,26.9,3.4,1.8,1.2,0.2,0.3,0.1,0.0,0.0,4,73.4
356,Jalon Walker,ATL,LB,LOLB,17,Q,644.0,51.3,21.5,29.8,3.3,0.0,2.2,0.8,0.7,0.3,0.0,0.1,12,73.3
357,DaQuan Jones,BUF,DL,DT,17,,513.0,40.6,14.4,21.9,4.2,4.5,1.4,0.3,0.7,0.4,0.1,0.1,6,72.9
358,Ben VanSumeren,PHI,LB,LB,17,,507.0,45.5,21.3,21.8,2.8,2.3,2.2,0.3,0.6,0.3,0.0,0.1,6,72.1
359,Noah Sewell,CHI,LB,ROLB,17,,522.0,46.9,18.3,25.7,2.8,2.8,2.0,0.3,0.5,0.3,0.0,0.1,5,71.8
360,Bobby Brown,CAR,DL,NT,17,,593.0,48.2,19.6,27.9,5.8,0.8,0.9,0.3,0.5,0.3,0.0,0.1,5,71.5
361,Jermaine Johnson II,NYJ,DL,RDE,17,,586.0,42.4,22.6,19.9,5.4,0.0,1.7,0.9,0.6,0.3,0.0,0.2,13,71.4
362,Jonah Laulu,LV,DL,DT,17,,527.0,43.9,16.8,25.5,4.9,1.7,2.8,0.3,0.6,0.3,0.0,0.1,5,70.8
363,Carrington Valentine,GB,DB,CB,17,,588.0,42.1,22.3,19.7,1.3,0.0,6.6,0.9,0.7,0.4,0.0,0.1,16,70.7
364,Demetrius Knight Jr.,CIN,LB,LOLB,17,,588.0,51.5,21.6,30.0,3.3,0.0,2.0,0.4,0.6,0.3,0.0,0.1,7,70.7
365,Jeremiah Pharms,NE,DL,DE,17,,508.0,43.2,16.7,23.6,4.8,3.0,1.0,0.2,0.5,0.3,0.0,0.1,4,70.5
366,Dre’Mont Jones,TEN,LB,ROLB,17,,548.0,40.8,15.4,21.6,2.4,4.8,1.6,0.2,0.5,0.3,0.1,0.1,4,70.4
367,Chamarri Conner,KC,DB,FS,17,,410.0,45.3,24.8,20.0,1.5,0.5,2.3,1.1,0.4,0.2,0.0,0.1,18,69.7
368,Milton Williams,NE,DL,DE,17,,587.0,39.5,15.0,21.1,4.2,3.6,1.6,0.3,0.6,0.3,0.1,0.1,5,68.9
369,Jalyx Hunt,PHI,LB,ROLB,17,,507.0,41.8,15.9,22.2,2.5,3.5,2.2,0.4,0.6,0.3,0.1,0.1,7,68.5
370,Dalvin Tomlinson,ARI,DL,NT,17,Q,589.0,39.0,14.8,21.0,4.2,3.7,0.7,0.3,0.6,0.3,0.1,0.1,5,67.9
371,Tedarrell Slaton,CIN,DL,DT,17,,533.0,46.3,18.0,27.4,5.4,0.8,0.8,0.2,0.6,0.3,0.0,0.1,3,67.6
372,D.J. Jones,DEN,DL,RDT,17,,520.0,38.5,17.8,19.1,4.7,1.7,2.4,0.2,0.6,0.3,0.0,0.1,4,65.5
373,Jack Kiser,JAC,LB,ROLB,17,,543.0,47.2,19.7,27.6,3.0,0.0,1.8,0.5,0.5,0.3,0.0,0.1,8,65.2
374,Davon Hamilton,JAC,DL,DT,17,,529.0,45.0,17.7,26.9,5.3,0.5,0.7,0.2,0.5,0.3,0.0,0.1,4,65.1
375,Winston Reid,CLE,LB,LOLB,13,,408.0,43.1,17.4,24.2,2.6,1.6,2.8,0.3,0.5,0.2,0.0,0.1,6,64.9
376,Troy Dye,LAC,LB,LILB,17,,259.0,44.8,20.1,23.3,2.9,1.5,1.1,0.1,0.3,0.1,0.0,0.0,2,63.8
377,Foley Fatukasi,HOU,DL,DT,17,,518.0,43.5,16.9,25.7,5.0,0.8,0.8,0.2,0.5,0.3,0.0,0.1,4,63.6
378,Ventrell Miller,JAC,LB,MLB,17,,285.0,45.8,21.6,23.8,3.1,0.5,1.3,0.1,0.3,0.1,0.0,0.0,3,63.0
379,Mason Graham,CLE,DL,DT,17,,544.0,41.1,16.3,24.8,4.8,0.0,1.2,0.7,0.6,0.3,0.0,0.1,11,63.0
380,Cobie Durant,LAR,DB,CB,17,,569.0,38.1,20.0,17.6,1.1,0.6,5.8,0.4,0.6,0.3,0.0,0.1,8,62.9
381,Mykel Williams,SF,DL,DE,17,,563.0,40.6,16.8,23.7,4.7,0.0,1.6,0.6,0.7,0.3,0.0,0.1,9,62.8
382,Jordan Elliott,SF,DL,DT,17,,512.0,38.1,14.4,21.9,4.3,2.4,0.8,0.2,0.6,0.3,0.0,0.1,4,62.7
383,Kenneth Grant,MIA,DL,DE,17,,571.0,40.4,16.8,23.6,4.7,0.0,1.6,0.6,0.7,0.3,0.0,0.1,9,62.7
384,Benito Jones,MIA,DL,NT,17,,520.0,41.2,16.7,23.7,4.9,0.9,0.9,0.2,0.6,0.3,0.0,0.1,4,62.7
385,Jaylin Smith,HOU,DB,CB,17,,562.0,39.8,21.2,18.7,1.2,0.0,5.8,0.4,0.6,0.3,0.0,0.1,7,62.7
386,Azareye’h Thomas,NYJ,DB,CB,17,Q,525.0,38.8,20.7,18.2,1.2,0.0,5.5,0.6,0.5,0.3,0.0,0.1,11,62.2
387,Walter Nolen,ARI,DL,DE,17,O,574.0,39.4,16.3,23.0,4.6,0.0,1.6,0.8,0.6,0.3,0.0,0.2,12,62.1
388,D.J. Davidson,NYG,DL,NT,17,,432.0,37.4,14.5,20.6,4.2,2.7,0.8,0.3,0.5,0.2,0.0,0.1,5,62.0
389,D.J. Reader,DET,DL,DT,17,,535.0,37.7,14.1,21.4,4.2,2.4,1.4,0.2,0.5,0.3,0.0,0.1,4,61.7
390,Rayshawn Jenkins,CLE,DB,SS,17,,403.0,42.5,22.2,19.6,1.4,0.7,1.4,0.5,0.5,0.2,0.0,0.1,9,61.6
391,Aldon Smith,DAL,DL,DT,17,,534.0,40.8,16.2,24.6,4.8,0.0,1.2,0.6,0.6,0.3,0.0,0.1,9,61.6
392,Keeanu Benton,PIT,DL,NT,17,Q,564.0,34.4,13.9,19.7,4.0,0.9,4.4,0.6,0.7,0.3,0.0,0.1,9,61.5
393,Dee Alford,ATL,DB,CB,17,,462.0,38.8,20.4,18.0,1.1,0.5,6.2,0.1,0.5,0.2,0.0,0.0,3,61.5
394,Decamerion Richardson,LV,DB,CB,17,,527.0,39.4,20.9,18.5,1.1,0.0,5.0,0.4,0.6,0.3,0.0,0.1,8,61.4
395,Abdul Carter,NYG,LB,ROLB,17,,543.0,42.5,17.7,24.8,2.7,0.0,1.9,0.7,0.6,0.3,0.0,0.1,11,61.3
396,Jordan Davis,PHI,DL,DT,17,,507.0,37.1,13.8,21.0,4.1,2.1,2.1,0.2,0.6,0.3,0.0,0.1,4,61.3
397,Kamal Hadden,GB,DB,CB,17,,502.0,37.7,19.9,17.6,1.1,0.2,5.8,0.4,0.6,0.3,0.0,0.1,8,61.0
398,Emmanuel Forbes,LAR,DB,CB,17,,477.0,35.1,18.6,16.4,1.0,0.1,5.4,1.2,0.5,0.3,0.0,0.2,20,61.0
399,Dane Belton,NYG,DB,SS,17,,354.0,37.0,19.4,17.1,1.4,0.6,3.3,1.0,0.4,0.2,0.0,0.1,16,60.1
400,Omari Hand,LAC,DL,DE,17,,579.0,39.0,16.2,22.8,4.5,0.0,1.7,0.5,0.6,0.3,0.0,0.1,8,59.7
401,Maxwell Hairston,BUF,DB,CB,13,,537.0,36.0,19.1,16.9,1.1,0.0,5.6,0.5,0.7,0.4,0.0,0.1,9,59.0
402,Nick Niemann,GB,LB,MLB,17,,256.0,42.1,19.7,21.8,2.9,0.6,1.2,0.2,0.3,0.2,0.0,0.0,3,58.9
403,Moro Ojomo,PHI,DL,DE,17,,557.0,35.6,14.2,20.0,4.0,1.3,1.2,0.5,0.6,0.3,0.0,0.1,8,58.1
404,Bryce Huff,SF,DL,DE,17,,293.0,26.9,9.2,13.0,2.6,6.1,0.7,0.2,0.4,0.2,0.1,0.0,3,57.9
405,Jack Sanborn,DAL,LB,MLB,17,,253.0,38.5,17.7,19.6,2.5,1.3,1.9,0.2,0.3,0.1,0.0,0.0,4,57.6
406,Alex Wright,CLE,DL,DE,17,,343.0,32.6,12.0,16.9,3.3,3.7,0.9,0.2,0.4,0.2,0.1,0.1,4,57.5
407,Ashtyn Davis,MIA,DB,SS,17,Q,333.0,38.0,20.1,17.8,1.5,0.1,1.7,1.0,0.4,0.2,0.0,0.1,16,57.4
408,Omarr Norman-Lott,KC,DL,DT,17,Q,526.0,38.5,15.3,23.2,4.5,0.0,1.2,0.5,0.5,0.3,0.0,0.1,7,57.4
409,Josh Newton,CIN,DB,CB,17,,479.0,32.9,17.4,15.4,0.9,0.0,6.2,0.7,0.5,0.3,0.0,0.1,12,56.3
410,Christian Izien,TB,DB,S,17,Q,382.0,35.2,22.1,13.0,1.2,0.0,1.9,0.8,0.5,0.3,0.0,0.1,14,56.2
411,Tycen Anderson,CIN,DB,FS,17,,392.0,38.2,21.0,17.0,1.4,0.3,2.4,0.3,0.4,0.2,0.0,0.1,5,55.9
412,Jake Martin,WAS,DL,DE,17,,305.0,31.0,10.9,15.4,3.0,4.3,0.8,0.2,0.3,0.2,0.1,0.1,4,55.9
413,Nick Emmanwori,SEA,DB,SS,17,,454.0,37.5,19.9,17.6,1.4,0.0,2.8,0.4,0.5,0.3,0.0,0.1,8,55.6
414,Derrick Harmon,PIT,DL,DE,17,D,541.0,35.6,14.8,20.8,4.1,0.0,1.6,0.5,0.6,0.3,0.0,0.1,8,55.1
415,Myles Murphy,CIN,DL,DE,17,,355.0,32.8,12.6,17.8,3.5,2.6,1.2,0.2,0.4,0.2,0.0,0.0,3,55.0
416,Deatrich Wise Jr.,WAS,DL,DE,17,,336.0,31.5,11.7,16.5,3.3,3.1,1.9,0.2,0.3,0.2,0.0,0.0,3,54.7
417,Troy Reeder,LAR,LB,ILB,17,,298.0,40.1,19.2,20.7,2.5,0.1,1.1,0.1,0.3,0.2,0.0,0.0,2,54.4
418,Yetur Gross-Matos,SF,DL,DE,17,Q,293.0,28.0,10.3,14.5,2.9,4.3,0.7,0.1,0.4,0.2,0.1,0.0,3,53.4
419,Darien Porter,LV,DB,CB,17,,472.0,33.0,17.5,15.5,0.9,0.0,4.9,0.5,0.5,0.3,0.0,0.1,8,53.1
420,Jake Hummel,BAL,LB,RILB,17,,240.0,39.5,17.0,22.2,2.4,0.3,1.0,0.2,0.4,0.2,0.0,0.0,4,53.1
421,Dondrea Tillman,DEN,LB,ROLB,17,,274.0,30.1,10.6,14.9,1.7,4.6,0.7,0.2,0.3,0.2,0.1,0.0,4,53.1
422,Teddye Buchanan,BAL,LB,LILB,17,,263.0,38.8,17.9,20.8,2.5,0.0,1.0,0.2,0.4,0.2,0.0,0.1,4,52.8
423,Tyquan Lewis,IND,DL,DE,17,,343.0,31.1,11.7,16.6,3.3,2.8,0.8,0.1,0.4,0.2,0.0,0.0,3,52.5
424,Samson Ebukam,IND,DL,DE,17,Q,341.0,27.8,9.7,13.7,2.7,4.3,1.0,0.2,0.4,0.2,0.1,0.0,3,52.5
425,John Jenkins,BAL,DL,NT,17,,359.0,33.9,13.7,19.5,4.0,0.8,1.2,0.1,0.5,0.3,0.0,0.1,3,52.4
426,Willie Gay,MIA,LB,LILB,17,,253.0,35.6,16.1,18.7,2.3,0.9,1.8,0.2,0.3,0.2,0.0,0.0,4,52.4
427,Jonathan Bullard,NO,DL,DE,17,,370.0,34.8,14.2,20.0,4.0,0.8,1.2,0.1,0.3,0.2,0.0,0.0,2,52.1
428,Alim McNeill,DET,DL,DT,11,O,436.0,29.0,10.2,15.5,3.0,3.5,0.9,0.2,0.4,0.2,0.1,0.0,3,52.1
429,Charles Snowden,LV,DL,DE,17,,332.0,31.2,12.3,17.3,3.4,1.7,2.2,0.2,0.4,0.2,0.0,0.1,3,52.0
430,Jamal Adams,LV,DB,SS,17,,318.0,36.2,19.2,16.9,1.4,0.1,2.1,0.3,0.4,0.2,0.0,0.1,6,51.8
431,Solomon Thomas,DAL,DL,DT,17,,293.0,29.7,10.6,16.1,3.1,3.4,0.9,0.1,0.3,0.2,0.1,0.0,2,51.8
432,Ja’Sir Taylor,LAC,DB,DB,17,,418.0,31.1,18.3,12.8,0.8,0.1,4.7,0.5,0.4,0.2,0.0,0.1,8,51.4
433,Naquan Jones,LAC,DL,DE,17,,304.0,29.8,11.5,16.2,3.2,2.6,1.5,0.2,0.3,0.2,0.0,0.0,3,51.4
434,Sam Williams,DAL,DL,DE,17,,293.0,25.9,9.1,12.8,2.5,4.5,0.9,0.2,0.3,0.2,0.1,0.1,3,51.1
435,Derek Barnett,HOU,DL,DE,17,,320.0,29.6,10.7,15.1,3.0,3.4,0.7,0.1,0.3,0.2,0.1,0.0,3,50.9
436,Adoree’ Jackson,PHI,DB,RCB,17,,464.0,28.2,18.4,9.8,0.9,0.0,5.5,0.4,0.5,0.3,0.0,0.1,8,50.7
437,Jakorian Bennett,PHI,DB,CB,17,,507.0,29.4,15.6,13.7,0.7,0.0,6.8,0.3,0.6,0.3,0.0,0.1,5,50.4
438,Tyler Davis,LAR,DL,DE,17,,324.0,31.9,12.8,18.1,3.7,1.3,0.7,0.2,0.4,0.2,0.0,0.1,4,50.2
439,Grant Stuard,DET,LB,ILB,17,,223.0,36.4,17.3,18.6,2.5,0.6,0.7,0.1,0.2,0.1,0.0,0.0,2,50.2
440,Kevin Givens,SF,DL,DT,10,,300.0,26.4,9.3,14.1,2.7,3.9,0.6,0.2,0.4,0.2,0.1,0.0,3,50.0
441,Antonio Johnson,JAC,DB,SS,17,,319.0,33.4,17.6,15.5,1.2,0.4,1.2,0.7,0.3,0.2,0.0,0.1,11,49.7
442,Kris Jenkins,CIN,DL,DT,17,,355.0,30.4,11.2,16.9,3.3,2.3,0.5,0.1,0.4,0.2,0.0,0.0,3,49.4
443,Montaric Brown,JAC,DB,CB,17,Q,367.0,32.0,17.0,15.0,0.9,0.0,4.0,0.4,0.4,0.2,0.0,0.1,7,49.3
444,Jer’Zhan Newton,WAS,DL,DT,17,,336.0,31.5,11.9,18.1,3.5,1.5,0.9,0.3,0.3,0.2,0.0,0.1,4,49.3
445,Nehemiah Pritchett,SEA,DB,CB,17,,428.0,30.2,16.0,14.1,0.9,0.1,5.0,0.3,0.5,0.2,0.0,0.1,6,49.3
446,A.J. Epenesa,BUF,DL,DE,17,,305.0,24.4,8.6,12.1,2.4,3.8,1.1,0.5,0.4,0.2,0.1,0.1,7,49.1
447,Kingsley Enagbare,GB,DL,DE,17,,308.0,30.3,11.6,16.3,3.2,2.3,0.5,0.1,0.4,0.2,0.0,0.0,2,49.0
448,Troy Andersen,ATL,LB,LILB,17,O,232.0,34.9,16.0,18.6,2.3,0.4,0.7,0.4,0.2,0.1,0.0,0.1,6,49.0
449,P.J. Locke,DEN,DB,SS,17,,421.0,31.7,16.3,14.4,0.9,1.1,1.7,0.3,0.5,0.2,0.0,0.1,6,48.7
450,Jonathan Jones,WAS,DB,CB,17,,394.0,32.1,17.0,15.0,0.8,0.0,4.2,0.2,0.4,0.2,0.0,0.0,4,48.7
451,Jack Jones,MIA,DB,CB,17,,392.0,26.8,14.3,12.6,0.8,0.0,4.8,1.0,0.5,0.2,0.0,0.1,17,48.6
452,Michael Hall Jr.,CLE,DL,DT,17,,343.0,29.9,11.2,17.0,3.3,1.7,0.7,0.3,0.4,0.2,0.0,0.1,5,48.6
453,Cordale Flott,NYG,DB,CB,17,,407.0,29.3,15.5,13.7,0.9,0.0,4.5,0.6,0.4,0.2,0.0,0.1,11,48.6
454,Darrell Taylor,HOU,DL,DE,17,,320.0,28.5,10.6,15.0,3.0,2.6,1.4,0.1,0.3,0.2,0.0,0.0,2,48.4
455,Emmanuel Ogbah,JAC,DL,RDE,17,,281.0,22.9,10.5,9.3,2.5,3.6,0.9,0.5,0.3,0.1,0.1,0.1,7,48.3
456,Tavius Robinson,BAL,LB,LOLB,17,,263.0,30.7,12.0,16.7,1.9,2.2,0.9,0.1,0.4,0.2,0.0,0.0,3,47.8
457,Nathan Shepherd,NO,DL,DT,17,,370.0,30.5,11.5,17.5,3.5,1.6,0.5,0.2,0.3,0.2,0.0,0.0,3,47.7
458,Noah Igbinoghene,WAS,DB,RCB,17,,394.0,28.7,18.7,10.0,0.9,0.0,4.1,0.3,0.4,0.2,0.0,0.0,5,47.7
459,Charles Omenihu,KC,DL,DE,17,,319.0,25.7,9.2,12.9,2.6,3.6,0.9,0.2,0.3,0.2,0.1,0.0,3,47.6
460,DeMarvion Overshown,DAL,LB,LOLB,14,O,235.0,31.6,12.5,17.4,1.7,1.8,1.1,0.2,0.3,0.1,0.0,0.0,4,47.4
461,Leki Fotu,LV,DL,DT,17,,317.0,28.3,10.4,15.8,3.1,2.2,0.9,0.2,0.4,0.2,0.0,0.1,4,47.2
462,Andrew Wingard,JAC,DB,FS,17,,319.0,29.2,16.1,13.0,1.0,0.1,3.4,0.7,0.3,0.2,0.0,0.1,11,47.2
463,Josh Hayes,TB,DB,CB,17,,373.0,29.2,15.5,13.6,0.9,0.1,4.6,0.3,0.5,0.2,0.0,0.1,6,47.2
464,Francisco Mauigoa,NYJ,LB,MLB,17,,269.0,34.0,16.2,17.8,2.2,0.0,1.1,0.3,0.3,0.1,0.0,0.1,5,47.2
465,Zaven Collins,ARI,LB,LOLB,17,,271.0,30.0,11.8,16.4,1.9,2.1,0.8,0.3,0.3,0.1,0.0,0.1,5,47.1
466,Jaylinn Hawkins,NE,DB,SS,17,,396.0,33.1,17.6,15.5,1.3,0.1,1.8,0.2,0.4,0.2,0.0,0.0,4,47.0
467,Greg Gaines,TB,DL,NT,17,,370.0,29.2,11.5,16.3,3.4,1.4,0.7,0.2,0.5,0.2,0.0,0.1,4,46.9
468,Shelby Harris,CLE,DL,DT,17,,343.0,29.9,11.4,17.3,3.4,1.2,1.2,0.2,0.4,0.2,0.0,0.0,3,46.9
469,Justin Strnad,DEN,LB,ILB,17,,274.0,31.6,14.7,15.8,1.9,1.1,1.3,0.1,0.3,0.2,0.0,0.0,2,46.8
470,Nazeeh Johnson,KC,DB,S,13,,289.0,29.7,18.3,10.8,1.1,0.6,2.0,0.3,0.3,0.1,0.0,0.0,5,46.6
471,Micheal Clemons,NYJ,DL,DE,17,,335.0,27.8,10.7,15.1,3.0,2.3,0.5,0.2,0.3,0.2,0.0,0.0,3,46.5
472,Joe Tryon-Shoyinka,CLE,DL,DE,17,,343.0,27.1,10.3,14.6,2.8,2.2,1.4,0.1,0.4,0.2,0.0,0.0,2,45.9
473,Clark Phillips,ATL,DB,CB,17,Q,383.0,28.0,14.8,13.1,0.8,0.0,4.2,0.5,0.4,0.2,0.0,0.1,9,45.6
474,James Houston,DAL,LB,OLB,17,,289.0,28.8,13.5,13.8,1.8,1.7,0.9,0.1,0.3,0.2,0.0,0.0,3,45.5
475,Connor O’Toole,SEA,LB,LILB,17,,271.0,33.1,15.3,17.8,2.1,0.0,1.0,0.3,0.3,0.2,0.0,0.1,4,45.4
476,Sam Okuayinonu,SF,DL,DE,17,,293.0,25.7,9.9,13.9,2.8,2.5,0.9,0.2,0.4,0.2,0.0,0.0,3,45.4
477,Tyree Wilson,LV,DL,DE,17,,332.0,25.8,9.6,13.5,2.7,2.8,0.6,0.1,0.4,0.2,0.0,0.0,3,45.3
478,Eric Wilson,MIN,LB,LILB,17,,237.0,31.3,14.2,16.4,2.0,0.6,1.0,0.3,0.3,0.1,0.0,0.1,5,45.1
479,Dante Stills,ARI,DL,DE,17,,281.0,25.7,9.7,13.7,2.8,2.7,0.8,0.1,0.3,0.2,0.0,0.0,2,45.1
480,Malik Harrison,PIT,LB,LILB,17,,212.0,31.9,14.4,16.7,2.1,0.8,0.6,0.1,0.2,0.1,0.0,0.0,2,44.7
481,Cody Simon,ARI,LB,RILB,17,,256.0,33.1,14.4,18.7,2.1,0.0,1.0,0.3,0.3,0.1,0.0,0.0,4,44.7
482,K.J. Britt,MIA,LB,ILB,17,,253.0,32.3,15.5,16.7,2.1,0.2,0.8,0.1,0.3,0.2,0.0,0.0,2,44.4
483,JD Bertrand,ATL,LB,RILB,17,,232.0,30.5,12.9,16.8,1.8,1.2,0.9,0.2,0.2,0.1,0.0,0.0,3,44.0
484,Sheldon Rankins,HOU,DL,DT,17,,320.0,26.7,9.5,14.4,2.8,2.4,0.5,0.1,0.3,0.2,0.0,0.0,2,44.0
485,Aeneas Peebles,BAL,DL,DE,17,,359.0,28.5,11.8,16.7,3.3,0.0,1.0,0.4,0.5,0.3,0.0,0.1,6,43.9
486,Karl Brooks,GB,DL,DT,17,,308.0,25.1,8.9,13.5,2.6,2.7,0.9,0.1,0.4,0.2,0.0,0.0,3,43.9
487,Chris Williams,CHI,DL,DT,17,,346.0,25.5,9.1,13.8,2.7,2.6,0.5,0.2,0.3,0.2,0.0,0.0,3,43.8
488,Elijah Molden,LAC,DB,SS,17,,313.0,28.4,15.1,13.3,1.0,0.0,2.2,0.7,0.3,0.2,0.0,0.1,11,43.8
489,Deion Jones,TB,LB,MLB,17,,228.0,28.4,13.2,14.5,1.9,0.7,1.0,0.6,0.3,0.2,0.0,0.1,8,43.7
490,McKinnley Jackson,CIN,DL,DT,17,,290.0,27.0,10.1,15.3,3.0,1.8,0.6,0.2,0.3,0.2,0.0,0.0,3,43.6
491,Shy Tuttle,TEN,DL,NT,17,,361.0,28.6,11.7,16.6,3.4,0.4,1.5,0.1,0.3,0.2,0.0,0.0,2,43.5
492,Daniel Scott,IND,DB,FS,17,,348.0,28.9,15.8,12.8,1.0,0.2,1.9,0.3,0.4,0.2,0.0,0.1,5,43.4
493,Darius Alexander,NYG,DL,DE,17,,432.0,28.1,11.7,16.4,3.3,0.0,1.2,0.4,0.5,0.2,0.0,0.1,6,43.3
494,Al-Quadin Muhammad,DET,DL,DE,17,,266.0,23.1,8.3,11.7,2.3,3.2,1.1,0.2,0.3,0.1,0.0,0.0,3,43.1
495,Boye Mafe,SEA,LB,ROLB,17,,271.0,23.7,8.6,12.0,1.3,3.5,1.4,0.1,0.3,0.2,0.1,0.0,2,43.1
496,Nick Scott,CAR,DB,FS,17,,371.0,29.6,16.3,13.2,1.0,0.0,2.3,0.2,0.3,0.2,0.0,0.0,3,43.0
497,Malcolm Roach,DEN,DL,NT,17,,313.0,26.6,10.5,14.9,3.0,1.3,1.2,0.1,0.3,0.2,0.0,0.0,3,42.9
498,Travis Hunter,JAC,DB,WR,17,,367.0,24.2,15.6,8.5,0.8,0.0,3.8,0.6,0.4,0.2,0.0,0.1,10,42.8
499,Mario Edwards Jr.,HOU,DL,DT,17,,320.0,26.7,9.9,15.0,2.9,1.5,1.1,0.1,0.3,0.2,0.0,0.0,2,42.7
500,Quincy Riley,NO,DB,LCB,17,,377.0,24.3,16.4,7.9,0.8,0.0,4.0,0.4,0.3,0.2,0.0,0.1,7,42.6
501,Arnold Ebiketie,ATL,LB,LOLB,17,,232.0,22.3,8.0,11.1,1.2,4.0,1.0,0.1,0.2,0.1,0.1,0.0,2,42.6
502,Sanoussi Kane,BAL,DB,SS,17,,249.0,28.8,15.2,13.4,1.1,0.2,1.7,0.2,0.4,0.2,0.0,0.0,5,42.0
503,Shaun Dolac,LAR,LB,RILB,17,,238.0,31.4,13.7,17.8,2.0,0.0,0.9,0.2,0.3,0.1,0.0,0.0,3,41.9
504,Percy Butler,WAS,DB,SS,17,,288.0,29.9,15.9,14.0,1.2,0.0,1.6,0.1,0.3,0.1,0.0,0.0,3,41.9
505,Tyrion Ingram-Dawkins,MIN,DL,DE,17,,373.0,27.4,11.4,16.0,3.2,0.0,1.1,0.3,0.5,0.2,0.0,0.1,5,41.9
506,Jack Gibbens,NE,LB,LILB,17,,188.0,31.3,14.3,16.6,2.0,0.4,0.5,0.1,0.2,0.1,0.0,0.0,2,41.8
507,Khalen Saunders,JAC,DL,DT,17,,281.0,26.6,10.3,15.6,3.0,0.8,1.0,0.3,0.3,0.1,0.0,0.1,5,41.7
508,Darius Robinson,ARI,DL,DE,17,,281.0,22.8,8.6,12.1,2.4,2.4,0.8,0.3,0.3,0.2,0.0,0.1,4,41.4
509,Chad Muma,IND,LB,ROLB,17,,257.0,30.4,12.5,17.4,1.9,0.5,0.7,0.1,0.3,0.2,0.0,0.0,2,41.3
510,Joe Andreessen,BUF,LB,MLB,17,,210.0,27.5,12.5,13.9,1.7,1.1,0.9,0.1,0.3,0.1,0.0,0.0,3,41.1
511,Matthew Judon,MIA,LB,OLB,17,,253.0,21.6,9.3,9.5,1.3,2.9,1.5,0.3,0.3,0.2,0.0,0.1,4,41.1
512,Larrell Murchison,LAR,DL,DE,17,,328.0,24.4,9.7,13.6,2.7,1.5,1.0,0.2,0.4,0.2,0.0,0.1,4,41.1
513,Mohamoud Diabate,CLE,LB,MLB,17,,219.0,29.1,13.7,15.1,2.0,0.3,1.2,0.1,0.3,0.1,0.0,0.0,2,41.1
514,Dell Pettus,NE,DB,FS,17,,274.0,27.0,14.6,11.8,1.0,0.8,1.5,0.2,0.3,0.1,0.0,0.0,4,41.0
515,Kobe King,MIN,LB,RILB,17,,226.0,30.6,13.3,17.3,2.0,0.0,0.9,0.2,0.3,0.1,0.0,0.0,3,41.0
516,Dallas Turner,MIN,LB,OLB,17,,237.0,23.4,10.5,10.7,1.4,2.1,1.0,0.4,0.3,0.1,0.0,0.1,7,41.0
517,Jonah Elliss,DEN,LB,OLB,17,,274.0,23.1,10.1,10.3,1.3,2.7,1.2,0.2,0.3,0.2,0.0,0.0,3,40.9
518,Chris Board,NYG,LB,ILB,17,,208.0,28.1,13.1,14.1,1.7,1.0,0.7,0.1,0.2,0.1,0.0,0.0,2,40.8
519,Arik Armstead,JAC,DL,DT,17,Q,281.0,23.0,8.2,12.5,2.4,2.6,0.7,0.2,0.3,0.1,0.0,0.0,3,40.7
520,Rejzohn Wright,NO,DB,CB,17,,360.0,25.3,13.4,11.9,0.8,0.0,3.8,0.4,0.3,0.2,0.0,0.1,7,40.5
521,Jerry Tillery,KC,DL,DT,17,,319.0,26.1,10.0,15.3,3.0,0.8,1.2,0.1,0.3,0.2,0.0,0.0,2,40.4
522,Kenny Clark,DAL,DL,DT,17,,293.0,24.5,9.1,13.8,2.7,1.8,0.7,0.1,0.3,0.2,0.0,0.0,2,40.2
523,Darius Muasau,NYG,LB,LILB,17,,208.0,28.8,13.3,15.4,1.9,0.1,0.6,0.3,0.2,0.1,0.0,0.1,5,39.9
524,Damontae Kazee,CLE,DB,FS,17,,236.0,26.5,14.6,11.8,0.9,0.0,1.6,0.6,0.3,0.1,0.0,0.1,9,39.8
525,Neville Gallimore,IND,DL,DT,17,,292.0,25.5,9.8,14.8,2.9,0.9,0.7,0.2,0.4,0.2,0.0,0.0,3,39.5
526,Jay Tufele,NYJ,DL,DT,17,,271.0,25.1,9.7,14.7,2.9,0.9,0.9,0.2,0.3,0.1,0.0,0.1,3,39.3
527,Kaevon Merriweather,TB,DB,SS,17,,300.0,24.9,12.8,11.3,0.8,0.8,1.6,0.4,0.4,0.2,0.0,0.1,7,39.2
528,Shemar Stewart,CIN,DL,DE,17,,355.0,25.8,10.7,15.1,3.0,0.0,1.0,0.3,0.4,0.2,0.0,0.1,5,39.2
529,Denzel Burke,ARI,DB,CB,17,,362.0,23.8,12.6,11.2,0.7,0.0,3.8,0.4,0.4,0.2,0.0,0.1,7,39.1
530,E.J. Speed,HOU,LB,SLB,17,,194.0,27.8,14.6,13.1,1.8,0.2,0.9,0.1,0.2,0.1,0.0,0.0,2,39.1
531,Javon Bullard,GB,DB,FS,17,,272.0,27.9,15.4,12.5,0.9,0.0,1.0,0.2,0.3,0.2,0.0,0.0,3,39.0
532,Bud Dupree,LAC,LB,OLB,17,,259.0,20.8,9.0,9.2,1.2,3.0,0.8,0.2,0.3,0.1,0.0,0.0,3,38.9
533,Byron Cowart,NYJ,DL,DT,13,,247.0,23.9,9.0,13.7,2.7,1.4,0.4,0.2,0.3,0.1,0.0,0.1,4,38.6
534,Jerome Baker,CLE,LB,LOLB,17,,219.0,26.7,10.9,15.1,1.6,0.7,0.9,0.3,0.3,0.1,0.0,0.1,5,38.5
535,Shaq Thompson,BUF,LB,WLB,17,,210.0,26.5,14.0,12.2,1.9,0.3,0.7,0.1,0.3,0.1,0.0,0.0,2,38.5
536,Johnathan Hankins,SEA,DL,NT,13,O,274.0,22.2,8.6,12.1,2.5,1.7,0.4,0.3,0.3,0.2,0.0,0.1,5,38.3
537,Tommy Eichenberg,LV,LB,MLB,17,,242.0,26.5,12.5,13.8,1.7,0.3,1.0,0.2,0.3,0.1,0.0,0.0,3,38.0
538,Barrett Carter,CIN,LB,MLB,17,,236.0,27.5,13.1,14.4,1.8,0.0,1.0,0.2,0.3,0.1,0.0,0.0,3,38.0
539,Joshua Farmer,NE,DL,DT,17,,361.0,25.5,10.1,15.4,3.0,0.0,0.8,0.3,0.4,0.2,0.0,0.1,5,37.9
540,Alex Austin,NE,DB,CB,17,,300.0,22.3,11.8,10.4,0.7,0.0,4.0,0.5,0.3,0.1,0.0,0.1,9,37.9
541,Eddie Goldman,WAS,DL,DT,17,,290.0,23.9,9.1,13.8,2.7,1.1,0.5,0.3,0.3,0.1,0.0,0.1,4,37.8
542,Daniel Ekuale,PIT,DL,NT,17,,319.0,24.4,9.7,13.9,2.8,0.9,0.4,0.1,0.4,0.2,0.0,0.0,3,37.7
543,Elijah Jones,ARI,DB,CB,17,,343.0,22.6,12.0,10.5,0.7,0.2,3.5,0.4,0.4,0.2,0.0,0.1,7,37.7
544,Chop Robinson,MIA,LB,LOLB,17,,253.0,19.6,6.9,9.6,1.0,3.1,1.6,0.2,0.3,0.2,0.0,0.0,3,37.4
545,Darrell Luter,SF,DB,CB,17,,290.0,23.1,12.3,10.8,0.7,0.1,3.4,0.2,0.4,0.2,0.0,0.0,5,37.2
546,Benjamin Morrison,TB,DB,CB,17,Q,332.0,22.4,11.9,10.5,0.7,0.0,3.4,0.4,0.4,0.2,0.0,0.1,7,37.1
547,L.J. Collier,ARI,DL,DE,17,,281.0,20.6,7.7,10.9,2.2,2.2,0.7,0.2,0.3,0.2,0.0,0.0,3,37.0
548,Zeek Biggers,MIA,DL,DE,17,,340.0,24.1,10.0,14.1,2.8,0.0,1.0,0.3,0.4,0.2,0.0,0.1,5,36.9
549,James Lynch,TEN,DL,DE,17,,238.0,21.3,8.3,11.7,2.4,1.6,1.4,0.2,0.2,0.1,0.0,0.0,3,36.9
550,Malcolm Rodriguez,DET,LB,LOLB,17,O,223.0,25.5,10.3,14.3,1.5,0.9,0.8,0.1,0.2,0.1,0.0,0.0,2,36.2
551,Owen Pappoe,ARI,LB,LILB,17,,180.0,26.0,12.0,13.9,1.6,0.2,1.2,0.2,0.2,0.1,0.0,0.0,3,36.2
552,Cam Jackson,CAR,DL,NT,17,,344.0,23.5,9.7,13.8,2.8,0.0,0.8,0.4,0.3,0.2,0.0,0.1,6,36.0
553,Malik Mustapha,SF,DB,SS,11,O,227.0,24.1,12.8,11.3,1.1,0.0,1.7,0.3,0.3,0.1,0.0,0.0,5,35.9
554,Claudin Cherelus,CAR,LB,RILB,17,,183.0,26.6,11.5,15.0,1.7,0.2,0.6,0.1,0.2,0.1,0.0,0.0,2,35.6
555,Cole Holcomb,PIT,LB,RILB,17,,212.0,26.5,11.5,15.0,1.6,0.1,0.9,0.1,0.2,0.1,0.0,0.0,2,35.5
556,Josaiah Stewart,LAR,LB,LOLB,17,Q,298.0,25.3,10.6,14.7,1.6,0.0,1.0,0.3,0.3,0.2,0.0,0.1,4,35.3
557,Nick Martin,SF,LB,LOLB,17,,289.0,25.2,10.5,14.7,1.6,0.0,1.0,0.2,0.4,0.2,0.0,0.1,4,35.1
558,Jihad Ward,TEN,LB,ROLB,17,,267.0,20.4,7.8,10.9,1.2,2.2,1.2,0.1,0.3,0.1,0.0,0.0,2,35.0
559,R.J. Mickens,LAC,DB,SS,17,,282.0,23.9,12.7,11.2,0.9,0.0,1.8,0.2,0.3,0.1,0.0,0.0,4,35.0
560,Andrew Billings,CHI,DL,DT,17,,353.0,22.7,8.8,13.3,2.6,0.6,0.6,0.2,0.4,0.2,0.0,0.0,3,34.9
561,Ashton Gillotte,KC,DL,DE,17,,319.0,22.9,9.5,13.4,2.7,0.0,0.9,0.3,0.3,0.2,0.0,0.1,4,34.8
562,John Bullock,TB,LB,RILB,17,,185.0,25.7,11.2,14.6,1.7,0.0,0.7,0.2,0.2,0.1,0.0,0.0,3,34.8
563,Anthony Nelson,TB,LB,OLB,17,,231.0,20.6,9.3,9.4,1.3,1.9,0.7,0.1,0.3,0.2,0.0,0.0,3,34.7
564,Derick Hall,SEA,LB,LOLB,17,,271.0,19.5,7.1,9.9,1.1,2.7,0.5,0.1,0.3,0.2,0.0,0.0,2,34.5
565,Nick Herbig,PIT,LB,ROLB,17,Q,212.0,18.1,6.3,8.8,0.9,3.3,0.5,0.2,0.2,0.1,0.0,0.0,3,34.4
566,Samuel Womack,TEN,DB,CB,17,,281.0,19.8,10.5,9.3,0.5,0.0,3.5,0.6,0.3,0.1,0.0,0.1,10,34.2
567,Chris Braswell,TB,LB,OLB,17,,231.0,21.4,10.1,10.3,1.4,1.0,0.6,0.2,0.3,0.2,0.0,0.0,4,34.1
568,LaCale London,ATL,DL,DE,17,,307.0,20.9,8.5,12.0,2.4,0.6,0.9,0.3,0.3,0.2,0.0,0.1,5,34.1
569,Devon Key,DEN,DB,FS,17,,244.0,22.8,12.2,9.9,0.7,0.7,1.0,0.1,0.3,0.1,0.0,0.0,3,34.1
570,Jeremiah Trotter Jr.,PHI,LB,LILB,17,,177.0,23.6,10.7,12.3,1.5,0.6,1.1,0.1,0.2,0.1,0.0,0.0,2,34.0
571,Brandon Dorlus,ATL,DL,DT,17,,225.0,19.5,7.2,10.9,2.2,1.7,0.5,0.2,0.2,0.1,0.0,0.1,4,34.0
572,Chris Rumph,NO,DL,DE,17,,306.0,22.4,9.3,13.2,2.6,0.0,0.9,0.3,0.3,0.1,0.0,0.1,5,34.0
573,Trevor Nowaske,DET,LB,ROLB,17,,223.0,21.4,8.4,11.7,1.3,1.3,0.9,0.3,0.2,0.1,0.0,0.1,5,33.8
574,Shemar Turner,CHI,DL,DT,17,Q,350.0,22.4,8.9,13.5,2.6,0.0,0.8,0.2,0.4,0.2,0.0,0.1,4,33.6
575,Matthew Butler,MIA,DL,DE,17,,246.0,21.5,8.6,12.2,2.4,0.7,0.7,0.2,0.3,0.1,0.0,0.0,3,33.5
576,Donovan Ezeiruaku,DAL,DL,DE,17,,293.0,21.9,9.1,12.8,2.5,0.0,0.9,0.2,0.3,0.2,0.0,0.1,4,33.2
577,Avonte Maddox,DET,DB,CB,17,,291.0,19.6,10.4,9.2,0.5,0.0,3.9,0.3,0.3,0.1,0.0,0.0,5,32.9
578,Alfred Collins,SF,DL,DT,17,,293.0,21.7,8.6,13.1,2.6,0.0,0.7,0.3,0.4,0.2,0.0,0.1,4,32.7
579,Denico Autry,HOU,DL,DE,12,O,219.0,17.6,6.2,8.7,1.7,2.4,1.3,0.1,0.2,0.1,0.0,0.0,1,32.6
580,Yahya Black,PIT,DL,DE,17,,319.0,21.0,8.7,12.3,2.4,0.0,0.9,0.3,0.4,0.2,0.0,0.1,5,32.5
581,T.J. Sanders,BUF,DL,DT,17,,305.0,21.1,8.4,12.7,2.5,0.0,0.7,0.3,0.4,0.2,0.0,0.1,4,32.4
582,Eric Johnson,IND,DL,DT,17,,239.0,20.9,8.0,12.2,2.4,0.7,0.6,0.1,0.3,0.1,0.0,0.0,2,32.3
583,Roy Lopez,DET,DL,DT,17,,266.0,20.6,8.0,12.1,2.4,0.5,1.3,0.1,0.3,0.1,0.0,0.0,2,32.0
584,Myles Harden,CLE,DB,CB,17,,249.0,20.4,10.8,9.5,0.6,0.1,2.7,0.2,0.3,0.1,0.0,0.0,4,31.9
585,Joshua Williams,KC,DB,CB,17,,240.0,19.6,10.2,9.0,0.5,0.4,2.7,0.3,0.3,0.1,0.0,0.0,4,31.7
586,Jamaree Caldwell,LAC,DL,NT,17,,307.0,20.9,8.6,12.3,2.5,0.0,0.7,0.3,0.3,0.2,0.0,0.1,4,31.6
587,Elijah Roberts,TB,DL,DE,17,,263.0,20.4,8.5,11.9,2.4,0.0,0.8,0.3,0.3,0.2,0.0,0.1,5,31.6
588,Tatum Bethune,SF,LB,MLB,17,,183.0,21.6,10.1,11.1,1.4,0.5,0.7,0.1,0.2,0.1,0.0,0.0,2,31.5
589,Chidobe Awuzie,BAL,DB,CB,17,,238.0,19.6,10.4,9.2,0.6,0.0,2.5,0.3,0.3,0.2,0.0,0.0,5,31.3
590,Sai’vion Jones,DEN,DL,DE,17,,313.0,20.2,8.4,11.9,2.3,0.0,0.9,0.2,0.3,0.2,0.0,0.1,4,31.2
591,Darrell Baker,TEN,DB,CB,17,,281.0,20.0,10.6,9.4,0.5,0.0,3.0,0.2,0.3,0.1,0.0,0.0,3,31.2
592,Oluwafemi Oladejo,TEN,LB,LOLB,17,,267.0,22.5,9.4,13.1,1.4,0.0,0.9,0.3,0.3,0.1,0.0,0.0,4,31.1
593,Oluwafemi Oladejo,TEN,LB,OLB,17,,267.0,21.4,10.6,10.8,1.4,0.0,0.9,0.3,0.3,0.1,0.0,0.0,4,31.1
594,Eyioma Uwazurike,DEN,DL,DE,17,,200.0,18.5,7.1,10.0,2.0,1.4,0.5,0.2,0.2,0.1,0.0,0.0,3,31.0
595,Josh Uche,PHI,LB,SLB,17,,177.0,18.1,8.5,7.7,1.0,1.8,0.5,0.1,0.2,0.1,0.0,0.0,2,30.7
596,Drake Thomas,SEA,LB,RILB,17,,167.0,22.2,9.6,12.5,1.3,0.2,1.0,0.1,0.2,0.1,0.0,0.0,2,30.6
597,K’Lavon Chaisson,NE,LB,ROLB,17,,188.0,17.3,6.4,8.9,0.9,2.1,0.9,0.2,0.2,0.1,0.0,0.0,4,30.4
598,Braiden McGregor,NYJ,DL,DE,17,,189.0,18.5,7.3,10.3,2.1,1.0,0.6,0.2,0.2,0.1,0.0,0.0,3,30.3
599,Elijah Williams,MIN,DL,DE,17,,265.0,19.6,8.1,11.5,2.3,0.0,0.8,0.2,0.3,0.2,0.0,0.1,4,29.9
600,Dadrion Taylor-Demerson,ARI,DB,SS,17,,167.0,20.2,10.7,9.4,0.8,0.1,2.0,0.1,0.2,0.1,0.0,0.0,2,29.8
601,Anfernee Jennings,NE,LB,SLB,17,,188.0,20.1,10.3,9.3,1.5,0.6,0.3,0.0,0.2,0.1,0.0,0.0,1,29.8
602,Alijah Huzzie,HOU,DB,CB,17,O,268.0,19.0,10.1,8.9,0.5,0.0,2.8,0.2,0.3,0.1,0.0,0.0,3,29.7
603,Ty Hamilton,LAR,DL,DT,17,,272.0,19.6,7.8,11.8,2.3,0.0,0.7,0.2,0.3,0.2,0.0,0.1,4,29.6
604,D.J. Johnson,CAR,LB,LOLB,17,,183.0,21.2,8.7,12.1,1.5,0.5,0.7,0.1,0.2,0.1,0.0,0.0,2,29.5
605,John Ridgeway,NO,DL,DT,13,,226.0,19.6,7.6,11.6,2.3,0.4,0.5,0.1,0.2,0.1,0.0,0.0,2,29.3
606,Kyle Kennard,LAC,LB,LOLB,17,,259.0,20.8,8.7,12.1,1.3,0.0,0.8,0.2,0.3,0.1,0.0,0.0,4,28.9
607,Cody Lindenberg,LV,LB,ROLB,17,,246.0,20.6,8.6,12.0,1.3,0.0,0.8,0.2,0.3,0.1,0.0,0.0,4,28.8
608,Josh Paschal,DET,DL,DE,16,O,247.0,17.3,6.7,9.4,1.9,1.3,0.5,0.1,0.2,0.1,0.0,0.0,2,28.7
609,Chauncey Golston,NYG,LB,OLB,17,,208.0,16.1,7.4,7.5,1.1,1.4,1.0,0.2,0.2,0.1,0.0,0.0,3,28.4
610,Ty’Ron Hopper,GB,LB,LOLB,17,,178.0,18.7,7.4,10.2,1.2,1.0,0.7,0.1,0.2,0.1,0.0,0.0,2,28.4
611,Ty Robinson,PHI,DL,DT,17,,294.0,18.5,7.4,11.2,2.2,0.0,0.7,0.2,0.3,0.2,0.0,0.1,4,28.2
612,Jake Hansen,HOU,LB,ROLB,17,,194.0,19.8,7.9,11.1,1.2,0.7,0.6,0.1,0.2,0.1,0.0,0.0,2,28.1
613,Cameron McGrone,IND,LB,MLB,17,,159.0,18.4,8.3,9.1,1.1,0.9,0.7,0.1,0.2,0.1,0.0,0.0,2,28.0
614,Thomas Booker,LV,DL,DT,17,,162.0,16.3,5.9,9.0,1.7,1.4,0.7,0.1,0.2,0.1,0.0,0.0,2,27.9
615,Theo Jackson,MIN,DB,FS,17,,169.0,16.5,9.1,7.4,0.6,0.1,1.8,0.6,0.2,0.1,0.0,0.1,9,27.9
616,Kayvon Thibodeaux,NYG,LB,OLB,17,,208.0,13.8,5.7,5.8,0.8,2.7,0.6,0.1,0.2,0.1,0.0,0.0,1,27.9
617,DJ James,NE,DB,CB,17,,255.0,17.1,9.1,8.0,0.5,0.1,2.7,0.2,0.3,0.1,0.0,0.0,4,27.8
618,Rylie Mills,SEA,DL,DE,17,O,270.0,17.8,7.4,10.4,2.1,0.0,0.8,0.3,0.3,0.2,0.0,0.1,4,27.7
619,Justin Jones,ARI,DL,DE,13,,208.0,16.3,6.3,8.8,1.8,1.3,0.7,0.1,0.2,0.1,0.0,0.0,2,27.6
620,Marques Sigle,SF,DB,FS,17,,216.0,18.7,10.3,8.4,0.7,0.0,1.1,0.2,0.3,0.1,0.0,0.0,3,27.6
621,Byron Young,PHI,DL,DE,17,,251.0,16.2,6.3,8.9,1.8,0.9,0.7,0.2,0.3,0.1,0.0,0.1,4,27.6
622,Austin Booker,CHI,DL,DE,13,,197.0,16.5,6.3,8.8,1.8,1.3,0.5,0.1,0.2,0.1,0.0,0.0,2,27.5
623,Easton Mascarenas-Arnold,CLE,LB,ROLB,17,,219.0,19.9,8.3,11.6,1.3,0.0,0.7,0.2,0.3,0.1,0.0,0.0,3,27.4
624,Jihaad Campbell,PHI,LB,RILB,17,,177.0,20.1,8.7,11.4,1.3,0.0,0.7,0.2,0.2,0.1,0.0,0.0,3,27.3
625,Tyleik Williams,DET,DL,DT,17,,266.0,18.4,7.3,11.1,2.2,0.0,0.6,0.2,0.3,0.1,0.0,0.0,3,27.3
626,Tyleik Williams,DET,DL,DT,17,,266.0,18.4,7.3,11.1,2.2,0.0,0.6,0.2,0.3,0.1,0.0,0.0,3,27.3
627,Marco Wilson,CIN,DB,RCB,17,,227.0,16.6,10.8,5.8,0.5,0.0,2.4,0.1,0.2,0.1,0.0,0.0,2,27.3
628,Jeremiah Trotter,PHI,LB,LILB,17,,177.0,19.7,9.1,10.6,1.3,0.0,0.7,0.1,0.2,0.1,0.0,0.0,2,27.3
629,Ja’markis Weston,NYJ,LB,ROLB,13,,209.0,19.5,8.1,11.3,1.3,0.0,0.7,0.3,0.2,0.1,0.0,0.0,4,27.2
630,James Pearce Jr.,ATL,LB,OLB,17,,232.0,17.4,8.6,8.8,1.2,0.0,0.8,0.4,0.2,0.1,0.0,0.1,5,26.7
631,Jordan Phillips,MIA,DL,NT,17,,245.0,17.6,7.3,10.3,2.1,0.0,0.5,0.2,0.3,0.1,0.0,0.0,3,26.7
632,Isaiahh Loudermilk,PIT,DL,DE,17,,207.0,16.9,6.8,9.6,1.9,0.5,0.8,0.1,0.2,0.1,0.0,0.0,2,26.6
633,Jarrick Bernard-Converse,CLE,DB,CB,17,,202.0,16.7,8.8,7.8,0.5,0.1,2.4,0.2,0.2,0.1,0.0,0.0,4,26.5
634,Michael Hoecht,BUF,DL,DE,11,O,186.0,16.2,6.3,8.9,1.7,1.0,0.7,0.1,0.2,0.1,0.0,0.0,1,26.5
635,Ruben Hyppolite,CHI,LB,MLB,17,,187.0,18.9,9.0,9.9,1.2,0.0,0.7,0.1,0.2,0.1,0.0,0.0,2,26.4
636,Ruben Hyppolite II,CHI,LB,MLB,17,,187.0,18.9,9.0,9.9,1.2,0.0,0.7,0.1,0.2,0.1,0.0,0.0,2,26.3
637,Danny Stutsman,NO,LB,MLB,17,,159.0,18.9,9.0,9.9,1.2,0.0,0.7,0.2,0.1,0.1,0.0,0.0,3,26.3
638,Kitan Oladapo,GB,DB,SS,17,,207.0,17.8,9.5,8.4,0.7,0.0,1.3,0.2,0.2,0.1,0.0,0.0,3,26.3
639,Nahshon Wright,CHI,DB,RCB,17,,256.0,14.7,9.6,5.1,0.5,0.1,2.7,0.2,0.3,0.1,0.0,0.0,3,26.1
640,Ja’Quan McMillian,DEN,DB,CB,17,,182.0,15.1,7.9,6.9,0.4,0.4,2.1,0.4,0.2,0.1,0.0,0.1,7,26.0
641,Josh Wallace,LAR,DB,CB,17,,210.0,15.8,8.4,7.4,0.5,0.1,2.7,0.2,0.2,0.1,0.0,0.0,3,25.8
642,Derion Kendrick,SEA,DB,CB,17,,236.0,15.1,8.0,7.1,0.5,0.0,2.4,0.4,0.3,0.1,0.0,0.1,6,25.8
643,P.J. Mustipher,ARI,DL,DT,17,,209.0,15.2,5.8,8.8,1.7,0.8,0.5,0.2,0.2,0.1,0.0,0.0,3,25.6
644,Jonathan Owens,CHI,DB,FS,17,,174.0,17.4,9.5,7.7,0.7,0.2,1.1,0.1,0.2,0.1,0.0,0.0,2,25.6
645,Qwan’tez Stiggers,NYJ,DB,CB,17,,188.0,16.0,8.5,7.5,0.5,0.1,2.1,0.2,0.2,0.1,0.0,0.0,4,25.2
646,Jalen McLeod,JAC,LB,LOLB,13,,207.0,17.9,7.5,10.4,1.2,0.0,0.7,0.2,0.2,0.1,0.0,0.0,3,24.8
647,Zayne Anderson,GB,DB,SS,17,Q,170.0,15.5,8.2,7.2,0.6,0.1,1.5,0.4,0.2,0.1,0.0,0.0,6,24.7
648,Derrick Nnadi,KC,DL,DT,17,,184.0,16.4,6.3,9.6,1.9,0.5,0.5,0.1,0.2,0.1,0.0,0.0,1,24.7
649,Drew Sanders,DEN,LB,RILB,13,,128.0,18.0,7.6,9.9,1.1,0.4,0.5,0.1,0.1,0.1,0.0,0.0,1,24.7
650,Corey Thornton,CAR,DB,CB,17,,229.0,15.1,8.0,7.1,0.5,0.0,2.4,0.3,0.2,0.1,0.0,0.0,4,24.6
651,Nick Hampton,LAR,LB,ROLB,17,,178.0,17.2,7.0,9.8,1.1,0.4,0.7,0.1,0.2,0.1,0.0,0.0,2,24.6
652,Nohl Williams,KC,DB,LCB,17,,217.0,14.0,9.5,4.5,0.5,0.0,2.2,0.2,0.2,0.1,0.0,0.0,3,24.4
653,Shaka Heyward,CIN,LB,LOLB,17,,149.0,16.2,6.4,8.9,1.0,1.0,0.5,0.1,0.2,0.1,0.0,0.0,2,24.4
654,Levi Drake Rodriguez,MIN,DL,NT,17,Q,159.0,14.8,5.7,8.1,1.6,1.0,0.3,0.1,0.2,0.1,0.0,0.0,2,24.3
655,Kain Medrano,WAS,LB,ROLB,17,,203.0,17.5,7.3,10.2,1.1,0.0,0.7,0.2,0.2,0.1,0.0,0.0,3,24.2
656,Larry Ogunjobi,BUF,DL,DT,11,O,186.0,15.5,5.9,8.9,1.8,0.7,0.2,0.1,0.2,0.1,0.0,0.0,1,24.2
657,Ale Kaho,WAS,LB,LOLB,17,,203.0,17.5,7.3,10.1,1.1,0.0,0.7,0.2,0.2,0.1,0.0,0.0,3,24.2
658,Jahlani Tavai,NE,LB,MLB,13,,142.0,16.6,7.8,8.6,1.1,0.2,0.7,0.2,0.1,0.1,0.0,0.0,3,24.1
659,Nazir Stackhouse,GB,DL,DT,17,,221.0,16.0,6.3,9.6,1.9,0.0,0.5,0.2,0.3,0.1,0.0,0.0,3,24.0
660,Bam Martin-Scott,CAR,LB,LILB,17,,136.0,17.5,8.2,9.4,1.2,0.0,0.5,0.1,0.1,0.1,0.0,0.0,2,24.0
661,Mac McWilliams,PHI,DB,CB,17,,240.0,14.4,7.7,6.8,0.4,0.0,2.5,0.2,0.3,0.1,0.0,0.0,4,24.0
662,Barryn Sorrell,GB,DL,DE,17,,221.0,15.5,6.4,9.1,1.8,0.0,0.7,0.2,0.3,0.1,0.0,0.0,3,23.9
663,Tremon Smith,HOU,DB,CB,17,,187.0,14.9,7.9,7.0,0.4,0.1,2.2,0.2,0.2,0.1,0.0,0.0,4,23.9
664,Art Green,NYG,DB,CB,17,,203.0,14.6,7.7,6.8,0.5,0.1,2.3,0.2,0.2,0.1,0.0,0.0,3,23.7
665,Azeez Ojulari,PHI,LB,OLB,17,,177.0,13.9,6.1,6.2,0.8,1.5,0.4,0.1,0.2,0.1,0.0,0.0,1,23.6
666,Jay Toia,DAL,DL,DT,17,,208.0,15.9,6.3,9.6,1.9,0.0,0.5,0.1,0.2,0.1,0.0,0.0,2,23.6
667,Benjamin St-Juste,LAC,DB,CB,17,,194.0,15.2,8.0,7.1,0.4,0.1,2.0,0.1,0.2,0.1,0.0,0.0,2,23.5
668,Rock Ya-Sin,DET,DB,CB,17,,203.0,14.7,7.8,6.9,0.5,0.0,2.3,0.2,0.2,0.1,0.0,0.0,3,23.5
669,Marcelino McCrary-Ball,NYJ,LB,LOLB,17,,170.0,16.2,6.6,9.2,1.1,0.4,0.6,0.2,0.2,0.1,0.0,0.0,3,23.5
670,CJ West,SF,DL,DT,17,,210.0,15.5,6.2,9.4,1.8,0.0,0.5,0.2,0.3,0.1,0.0,0.0,3,23.4
671,Cooper McDonald,KC,LB,MLB,17,,143.0,16.9,8.1,8.9,1.1,0.0,0.6,0.1,0.2,0.1,0.0,0.0,2,23.4
672,Gabe Hall,PHI,DL,DE,17,,206.0,13.7,5.3,7.5,1.5,0.8,0.6,0.2,0.2,0.1,0.0,0.0,3,23.3
673,D’Marco Jackson,CHI,LB,ROLB,17,,187.0,16.5,6.8,9.5,1.0,0.3,0.7,0.1,0.2,0.1,0.0,0.0,2,23.2
674,Mike Morris,SEA,DL,DE,17,Q,164.0,13.4,5.2,7.3,1.5,1.0,0.5,0.1,0.2,0.1,0.0,0.0,2,22.9
675,Jack Sawyer,PIT,LB,LOLB,17,,203.0,16.2,6.8,9.4,1.0,0.0,0.7,0.2,0.2,0.1,0.0,0.0,3,22.8
676,Zah Frazier,CHI,DB,RCB,13,O,231.0,12.9,8.4,4.5,0.4,0.0,2.4,0.2,0.2,0.1,0.0,0.0,3,22.7
677,Ty Okada,SEA,DB,FS,17,,169.0,14.9,8.2,6.7,0.5,0.1,1.0,0.2,0.2,0.1,0.0,0.0,3,22.4
678,Christian Roland-Wallace,KC,DB,CB,17,,167.0,13.7,7.3,6.4,0.4,0.0,1.8,0.3,0.2,0.1,0.0,0.0,5,22.2
679,Chaz Chambliss,MIN,LB,LOLB,17,,182.0,15.8,6.6,9.2,1.0,0.0,0.7,0.2,0.2,0.1,0.0,0.0,3,22.1
680,Lathan Ransom,CAR,DB,SS,17,,179.0,15.0,8.0,7.1,0.5,0.0,1.1,0.2,0.2,0.1,0.0,0.0,3,22.1
681,Ugochukwu Amadi,NO,DB,SS,17,,123.0,14.2,7.3,6.5,0.5,0.4,1.2,0.2,0.1,0.1,0.0,0.0,3,22.0
682,Isaiah Stalbird,NO,LB,LOLB,17,,169.0,15.1,6.1,8.6,1.0,0.4,0.5,0.2,0.1,0.1,0.0,0.0,3,21.7
683,Jaylan Ford,NO,LB,ROLB,17,,169.0,15.1,6.1,8.6,1.0,0.4,0.5,0.2,0.1,0.1,0.0,0.0,3,21.7
684,Jamal Hill,HOU,LB,MLB,17,,119.0,14.5,6.5,7.2,0.9,0.7,0.5,0.1,0.1,0.1,0.0,0.0,1,21.6
685,Elijah Hicks,CHI,DB,FS,17,,174.0,14.8,8.2,6.6,0.6,0.0,1.0,0.1,0.2,0.1,0.0,0.0,2,21.6
686,Joe Bachie,IND,LB,LOLB,17,,159.0,15.2,6.3,8.7,0.9,0.3,0.6,0.1,0.2,0.1,0.0,0.0,2,21.4
687,Juanyeh Thomas,DAL,DB,FS,17,,137.0,14.7,8.1,6.6,0.5,0.0,1.0,0.1,0.2,0.1,0.0,0.0,2,21.4
688,Princely Umanmielen,CAR,LB,ROLB,17,Q,183.0,15.0,6.2,8.7,1.0,0.0,0.7,0.2,0.2,0.1,0.0,0.0,4,21.3
689,Nic Scourton,CAR,LB,LOLB,17,,183.0,14.9,6.3,8.7,1.0,0.0,0.7,0.2,0.2,0.1,0.0,0.0,3,21.2
690,Dennis Gardeck,JAC,DL,RDE,17,,102.0,10.5,4.9,4.4,1.2,1.4,0.5,0.2,0.1,0.1,0.0,0.0,2,21.1
691,Joey Blount,ARI,DB,FS,17,,150.0,12.5,6.9,5.6,0.5,0.1,0.8,0.5,0.2,0.1,0.0,0.1,8,21.1
692,Adisa Isaac,BAL,LB,OLB,12,,120.0,13.9,6.8,6.9,1.0,0.2,0.5,0.1,0.2,0.1,0.0,0.0,2,20.8
693,Jeffrey Bassa,KC,LB,LOLB,17,,170.0,15.1,6.3,8.8,1.0,0.0,0.6,0.1,0.2,0.1,0.0,0.0,2,20.8
694,Denzel Burke,ARI,DB,CB,17,,193.0,12.6,6.7,5.9,0.3,0.0,2.0,0.2,0.2,0.1,0.0,0.0,4,20.7
695,Caelen Carson,DAL,DB,CB,13,,149.0,13.2,7.0,6.2,0.4,0.0,1.9,0.1,0.2,0.1,0.0,0.0,1,20.2
696,Ty Robinson,PHI,DL,NT,17,,209.0,13.1,5.4,7.7,1.6,0.0,0.5,0.2,0.2,0.1,0.0,0.0,3,20.2
697,B.J. Ojulari,ARI,LB,ROLB,11,O,174.0,14.3,5.9,8.3,0.9,0.0,0.6,0.2,0.2,0.1,0.0,0.0,3,20.0
698,Markquese Bell,DAL,DB,SS,17,,118.0,14.3,7.5,6.7,0.5,0.0,0.8,0.0,0.1,0.1,0.0,0.0,1,19.7
699,Daniel Hardy,CHI,DL,DE,17,,153.0,11.5,4.4,6.2,1.2,0.9,0.5,0.1,0.2,0.1,0.0,0.0,2,19.6
700,Chase Lucas,SF,DB,CB,17,,170.0,12.1,6.4,5.7,0.3,0.0,1.7,0.1,0.2,0.1,0.0,0.0,3,19.3
701,Justin Eboigbe,LAC,DL,DE,17,,135.0,11.0,4.2,6.0,1.2,1.0,0.4,0.1,0.1,0.1,0.0,0.0,2,19.2
702,Javon Solomon,BUF,DL,DE,17,,102.0,9.5,3.3,4.6,0.9,1.8,0.3,0.1,0.1,0.1,0.0,0.0,1,19.1
703,Khalil Dorsey,DET,DB,CB,17,,153.0,11.7,6.2,5.5,0.3,0.0,2.0,0.1,0.2,0.1,0.0,0.0,3,19.0
704,Brenton Cox,GB,DL,DE,17,,102.0,10.1,3.6,5.0,1.0,1.5,0.3,0.1,0.1,0.1,0.0,0.0,1,18.9
705,Jay Ward,MIN,DB,SS,17,,130.0,12.7,6.7,5.9,0.5,0.1,0.9,0.1,0.2,0.1,0.0,0.0,2,18.7
706,Leonard Taylor III,NYJ,DL,DT,17,,102.0,11.5,4.3,6.6,1.3,0.7,0.3,0.1,0.1,0.1,0.0,0.0,1,18.5
707,D.J. Ivey,CIN,DB,CB,17,,147.0,11.7,6.2,5.5,0.3,0.0,1.8,0.1,0.2,0.1,0.0,0.0,2,18.4
708,Nic Jones,NYG,DB,CB,17,,174.0,11.1,5.8,5.2,0.3,0.0,1.9,0.1,0.2,0.1,0.0,0.0,3,18.1
709,Mike Ford,ATL,DB,LCB,17,,136.0,8.9,6.0,2.9,0.3,0.0,1.6,0.5,0.1,0.1,0.0,0.1,7,17.9
710,Akayleb Evans,CAR,DB,CB,17,,161.0,10.5,5.6,4.9,0.3,0.0,1.7,0.3,0.1,0.1,0.0,0.0,5,17.8
711,Desjuan Johnson,LAR,DL,DE,17,,102.0,9.7,3.7,5.2,1.0,1.1,0.3,0.1,0.1,0.1,0.0,0.0,1,17.7
712,Jordan Howden,NO,DB,SS,17,,119.0,11.8,6.2,5.5,0.5,0.1,0.5,0.2,0.1,0.1,0.0,0.0,3,17.4
713,Kris Abrams-Draine,DEN,DB,CB,17,,133.0,9.8,5.2,4.6,0.3,0.0,1.6,0.3,0.1,0.1,0.0,0.0,5,16.9
714,Robert Beal,SF,DL,DE,17,,102.0,10.2,4.0,5.7,1.2,0.6,0.3,0.1,0.1,0.1,0.0,0.0,1,16.8
715,Quandre Diggs,TEN,DB,FS,17,,117.0,12.0,6.6,5.4,0.5,0.0,0.3,0.1,0.1,0.1,0.0,0.0,2,16.8
716,Marte Mapu,NE,LB,NB,17,,125.0,8.1,5.8,2.2,0.5,0.1,1.6,0.3,0.1,0.1,0.0,0.0,4,16.7
717,Mike Brown,TEN,DB,FS,17,,117.0,11.6,6.4,5.2,0.3,0.0,0.7,0.1,0.1,0.1,0.0,0.0,2,16.6
718,Jowon Briggs,NYJ,DL,DT,17,,102.0,10.7,4.1,6.3,1.2,0.3,0.3,0.1,0.1,0.1,0.0,0.0,2,16.5
719,Dawuane Smoot,JAC,DL,DE,17,,119.0,9.4,3.7,5.1,1.0,0.8,0.5,0.1,0.1,0.1,0.0,0.0,1,16.5
720,Elijah Campbell,MIA,DB,SS,17,,119.0,11.3,6.0,5.3,0.4,0.0,0.8,0.1,0.1,0.1,0.0,0.0,2,16.3
721,Christopher Smith,LV,DB,FS,17,,108.0,11.0,6.0,4.9,0.4,0.1,0.7,0.1,0.1,0.1,0.0,0.0,2,16.2
722,Zah Frazier,CHI,DB,CB,16,O,156.0,9.7,5.2,4.6,0.3,0.0,1.7,0.1,0.2,0.1,0.0,0.0,2,15.9
723,Adetomiwa Adebawore,IND,DL,DT,17,,102.0,8.8,3.1,4.7,0.9,1.1,0.2,0.1,0.1,0.1,0.0,0.0,1,15.7
724,Kalia Davis,SF,DL,DT,17,,102.0,8.6,3.2,4.9,1.0,0.7,0.3,0.2,0.1,0.1,0.0,0.0,3,15.7
725,Cameron Thomas,CLE,DL,DE,17,,102.0,9.8,3.9,5.4,1.1,0.4,0.3,0.1,0.1,0.1,0.0,0.0,1,15.6
726,Kei’Trel Clark,ARI,DB,CB,17,,118.0,9.2,4.8,4.2,0.3,0.2,1.3,0.1,0.1,0.1,0.0,0.0,2,15.5
727,Tommy Togiai,HOU,DL,DT,17,,102.0,9.5,3.5,5.4,1.0,0.5,0.5,0.1,0.1,0.1,0.0,0.0,1,15.4
728,Malik Herring,KC,DL,DE,17,,102.0,9.3,3.6,5.1,1.0,0.6,0.3,0.1,0.1,0.1,0.0,0.0,1,15.2
729,Javontae Jean-Baptiste,WAS,DL,DE,17,,102.0,9.1,3.5,4.9,1.0,0.7,0.3,0.1,0.1,0.1,0.0,0.0,1,15.1
730,Khristian Boyd,NO,DL,DT,17,Q,105.0,9.5,3.6,5.5,1.1,0.4,0.3,0.1,0.1,0.0,0.0,0.0,2,15.0
731,Jack Cochrane,KC,LB,ROLB,17,Q,107.0,10.7,4.4,6.2,0.7,0.1,0.4,0.1,0.1,0.1,0.0,0.0,1,14.9
732,Colby Wooden,GB,DL,DT,17,,102.0,9.4,3.6,5.5,1.1,0.3,0.5,0.1,0.1,0.1,0.0,0.0,1,14.8
733,Austin Johnson,JAC,DL,DT,17,,102.0,9.3,3.6,5.5,1.1,0.1,0.3,0.2,0.1,0.1,0.0,0.0,3,14.6
734,Chris Smith,DET,DL,DE,17,,102.0,8.6,3.3,4.7,0.9,0.6,0.3,0.1,0.1,0.1,0.0,0.0,1,14.5
735,Jonas Sanker,NO,DB,FS,17,,114.0,9.6,5.3,4.3,0.3,0.0,0.6,0.1,0.1,0.0,0.0,0.0,2,14.1
736,Christian Braswell,JAC,DB,CB,17,,111.0,9.0,4.7,4.2,0.3,0.0,1.2,0.1,0.1,0.1,0.0,0.0,2,14.1
737,Esezi Otomewo,PIT,DL,DE,17,,102.0,8.2,3.2,4.4,0.9,0.6,0.3,0.1,0.1,0.1,0.0,0.0,1,14.1
738,Daijahn Anthony,CIN,DB,SS,13,,91.0,9.6,5.1,4.5,0.4,0.1,0.6,0.1,0.1,0.0,0.0,0.0,1,14.0
739,Miles Killebrew,PIT,DB,SS,17,,110.0,9.2,4.9,4.3,0.3,0.1,0.7,0.1,0.1,0.1,0.0,0.0,2,14.0
740,Kevin Winston Jr.,TEN,DB,SS,17,,108.0,9.6,5.1,4.5,0.3,0.0,0.7,0.1,0.1,0.1,0.0,0.0,2,14.0
741,Cedric Johnson,CIN,DL,DE,13,,78.0,7.8,2.9,4.1,0.8,0.9,0.3,0.1,0.1,0.0,0.0,0.0,1,13.9
742,Logan Lee,PIT,DL,DE,17,,102.0,7.6,2.8,4.0,0.8,0.8,0.3,0.1,0.1,0.1,0.0,0.0,2,13.8
743,Amen Ogbongbemiga,CHI,LB,LOLB,13,,84.0,8.4,3.1,4.3,0.5,0.9,0.3,0.0,0.1,0.0,0.0,0.0,1,13.8
744,Dominique Robinson,CHI,DL,DE,17,,102.0,8.4,3.3,4.7,0.9,0.4,0.3,0.0,0.1,0.1,0.0,0.0,1,13.5
745,Pat O’Connor,DET,DL,DE,17,,102.0,8.1,3.1,4.4,0.9,0.6,0.2,0.1,0.1,0.1,0.0,0.0,1,13.4
746,Mekhi Wingo,DET,DL,DT,17,,102.0,8.8,3.4,5.2,1.0,0.3,0.2,0.1,0.1,0.1,0.0,0.0,1,13.4
747,Dylan Horton,HOU,DL,DE,17,,102.0,8.6,3.5,4.9,1.0,0.2,0.3,0.0,0.1,0.1,0.0,0.0,1,13.4
748,Marcus Harris,TEN,DB,CB,17,,120.0,8.5,4.5,4.0,0.2,0.0,1.2,0.1,0.1,0.1,0.0,0.0,2,13.3
749,Tyler Lacy,DET,DL,DT,17,,102.0,8.8,3.5,5.3,1.0,0.1,0.2,0.0,0.1,0.1,0.0,0.0,1,12.9
750,Tyler Baron,NYJ,DL,DE,17,,102.0,8.4,3.5,4.9,1.0,0.0,0.3,0.1,0.1,0.1,0.0,0.0,2,12.8
751,Payton Turner,DAL,DL,DE,13,,78.0,7.0,2.7,3.8,0.8,0.6,0.6,0.0,0.1,0.0,0.0,0.0,1,12.7
752,Ethan Bonner,MIA,DB,CB,17,Q,117.0,7.8,4.1,3.6,0.2,0.0,1.2,0.1,0.1,0.1,0.0,0.0,2,12.6
753,Rodney Thomas,IND,DB,SS,17,,86.0,8.6,4.6,4.0,0.3,0.0,0.5,0.1,0.1,0.1,0.0,0.0,2,12.6
754,Jeremy Reaves,WAS,DB,SS,17,,84.0,8.5,4.5,4.0,0.3,0.1,0.6,0.1,0.1,0.0,0.0,0.0,2,12.6
755,DeWayne Carter,BUF,DL,DT,17,,102.0,7.9,3.0,4.6,0.9,0.2,0.3,0.1,0.1,0.1,0.0,0.0,1,12.6
756,Reuben Lowery III,BAL,DB,CB,17,,102.0,7.9,4.2,3.7,0.2,0.0,1.0,0.1,0.1,0.1,0.0,0.0,2,12.5
757,Adin Huntington,CLE,DL,DE,17,,102.0,7.9,3.3,4.6,0.9,0.0,0.3,0.1,0.1,0.1,0.0,0.0,2,12.1
758,Vernon Broughton,NO,DL,DT,17,,105.0,8.1,3.2,4.9,1.0,0.0,0.2,0.1,0.1,0.0,0.0,0.0,2,12.1
759,Perrion Winfrey,DAL,DL,DT,17,,102.0,8.0,3.2,4.8,0.9,0.0,0.2,0.1,0.1,0.1,0.0,0.0,1,11.7
760,Cameron Sample,CIN,DL,DE,17,,102.0,7.7,3.2,4.5,0.9,0.0,0.3,0.1,0.1,0.1,0.0,0.0,1,11.7
761,Damone Clark,DAL,LB,MLB,17,,51.0,8.5,4.0,4.4,0.5,0.0,0.3,0.0,0.1,0.0,0.0,0.0,0,11.6
762,B.J. Green II,JAC,DL,DE,17,,102.0,7.6,3.2,4.5,0.9,0.0,0.3,0.1,0.1,0.1,0.0,0.0,2,11.6
763,Howard Cross III,CIN,DL,DT,17,,102.0,7.8,3.1,4.7,0.9,0.0,0.2,0.1,0.1,0.1,0.0,0.0,1,11.5
764,Danny Striggow,JAC,DL,DT,17,,102.0,7.7,3.1,4.7,0.9,0.0,0.2,0.1,0.1,0.1,0.0,0.0,2,11.4
765,Collin Oliver,GB,DL,DE,17,O,102.0,7.2,3.0,4.2,0.9,0.0,0.3,0.1,0.1,0.1,0.0,0.0,1,11.2
766,JT Tuimoloau,IND,DL,DE,17,,102.0,7.2,3.0,4.2,0.9,0.0,0.3,0.1,0.1,0.1,0.0,0.0,1,11.1
767,Warren Brinson,GB,DL,DT,17,,102.0,7.4,3.0,4.5,0.9,0.0,0.2,0.1,0.1,0.1,0.0,0.0,1,11.1
768,Jordan Jackson,DEN,DL,DE,17,,102.0,7.2,2.9,4.1,0.9,0.1,0.2,0.1,0.1,0.1,0.0,0.0,1,11.1
769,JJ Pegues,LV,DL,DT,17,,102.0,7.2,2.9,4.4,0.9,0.0,0.2,0.1,0.1,0.1,0.0,0.0,2,11.0
770,Tonka Hemingway,LV,DL,DT,17,,102.0,7.2,2.9,4.4,0.9,0.0,0.2,0.1,0.1,0.1,0.0,0.0,2,11.0
771,Cam Jones,NYJ,LB,MLB,17,,51.0,7.1,3.2,3.5,0.5,0.4,0.2,0.1,0.1,0.0,0.0,0.0,1,10.9
772,Landon Jackson,BUF,DL,DE,17,,102.0,6.9,2.8,4.0,0.8,0.0,0.3,0.1,0.1,0.1,0.0,0.0,1,10.9
773,Deone Walker,BUF,DL,DT,17,,102.0,7.0,2.8,4.2,0.9,0.0,0.2,0.1,0.1,0.1,0.0,0.0,1,10.8
774,Charles Woods,NE,DB,CB,17,,86.0,6.7,3.5,3.1,0.2,0.0,1.0,0.1,0.1,0.0,0.0,0.0,1,10.7
775,TaQuon Graham,ATL,DL,NT,13,,78.0,6.4,2.6,3.6,0.7,0.3,0.2,0.0,0.1,0.0,0.0,0.0,1,10.4
776,Jay Higgins,BAL,LB,RILB,17,,51.0,7.7,3.3,4.3,0.5,0.0,0.2,0.0,0.1,0.0,0.0,0.0,1,10.3
777,Chazz Surratt,SEA,LB,MLB,17,,51.0,7.4,3.5,3.8,0.5,0.1,0.2,0.0,0.1,0.0,0.0,0.0,1,10.2
778,Demetrius Flannigan-Fowles,NYG,LB,LILB,17,,51.0,6.8,3.1,3.6,0.5,0.1,0.3,0.1,0.1,0.0,0.0,0.0,2,10.2
779,Del’Shawn Phillips,LAC,LB,LILB,17,,51.0,7.5,3.4,3.9,0.5,0.1,0.2,0.0,0.1,0.0,0.0,0.0,1,10.2
780,DeAngelo Malone,ATL,LB,ROLB,17,,51.0,5.2,1.8,2.6,0.3,0.9,0.2,0.1,0.1,0.0,0.0,0.0,1,10.0
781,Zach Cunningham,DET,LB,ILB,17,,51.0,7.4,3.6,3.8,0.5,0.0,0.2,0.0,0.1,0.0,0.0,0.0,0,10.0
782,T.J. Tampa,BAL,DB,CB,17,,68.0,6.2,3.3,2.9,0.2,0.0,0.9,0.1,0.1,0.1,0.0,0.0,1,9.9
783,Beau Brade,NYG,DB,FS,17,,84.0,6.4,3.5,2.8,0.2,0.1,0.5,0.1,0.1,0.0,0.0,0.0,1,9.6
784,Austin Keys,MIN,LB,LILB,17,,51.0,6.9,3.2,3.7,0.5,0.0,0.2,0.0,0.1,0.0,0.0,0.0,1,9.4
785,David Ojabo,BAL,LB,LOLB,17,,51.0,5.4,2.1,2.8,0.3,0.6,0.2,0.0,0.1,0.0,0.0,0.0,1,9.3
786,Dorian Mausi,TEN,LB,LILB,17,,51.0,6.9,3.2,3.7,0.5,0.0,0.2,0.0,0.1,0.0,0.0,0.0,1,9.3
787,Nikko Reed,LAC,DB,CB,17,,86.0,5.5,2.9,2.6,0.2,0.0,0.9,0.1,0.1,0.0,0.0,0.0,1,9.0
788,Xavier Thomas,ARI,LB,OLB,17,,51.0,4.9,2.2,2.2,0.3,0.6,0.2,0.0,0.1,0.0,0.0,0.0,1,8.9
789,Kurt Hinish,HOU,DL,DT,12,O,72.0,5.9,2.3,3.5,0.7,0.1,0.2,0.0,0.1,0.0,0.0,0.0,1,8.9
790,Shavon Revel Jr.,DAL,DB,CB,9,O,74.0,5.7,3.0,2.7,0.2,0.0,0.8,0.1,0.1,0.0,0.0,0.0,1,8.9
791,Marlowe Wax,LAC,LB,RILB,17,,51.0,6.7,2.9,3.8,0.4,0.0,0.2,0.0,0.1,0.0,0.0,0.0,1,8.8
792,Brenden Schooler,NE,DB,SS,17,,47.0,4.9,2.3,2.0,0.2,0.6,0.3,0.0,0.0,0.0,0.0,0.0,1,8.7
793,Josh Woods,ATL,LB,ILB,17,,51.0,6.3,3.0,3.3,0.4,0.1,0.2,0.0,0.1,0.0,0.0,0.0,0,8.6
794,Carson Bruener,PIT,LB,LILB,17,,51.0,6.4,3.0,3.4,0.4,0.0,0.2,0.0,0.1,0.0,0.0,0.0,1,8.6
795,Bilal Nichols,ARI,DL,NT,11,O,66.0,5.5,2.2,3.1,0.7,0.2,0.2,0.0,0.1,0.0,0.0,0.0,1,8.5
796,Cameron Lewis,BUF,DB,RCB,17,,62.0,5.1,3.3,1.8,0.1,0.0,0.6,0.1,0.1,0.0,0.0,0.0,1,8.5
797,Karene Reid,DEN,LB,LILB,17,,51.0,6.3,2.9,3.4,0.4,0.0,0.2,0.0,0.1,0.0,0.0,0.0,1,8.5
798,Bo Richter,MIN,LB,ROLB,17,,51.0,5.8,2.3,3.2,0.3,0.3,0.2,0.0,0.1,0.0,0.0,0.0,1,8.5
799,Andre Frazier,PIT,LB,C,17,,667.0,0.0,0.0,0.0,0.0,0.0,0.0,0.6,0.8,0.4,0.0,0.1,10,8.4
800,Thomas Harper,DET,DB,SS,17,,51.0,5.4,2.8,2.5,0.2,0.1,0.3,0.1,0.1,0.0,0.0,0.0,1,8.1
801,Markees Watts,TB,LB,OLB,17,,51.0,4.8,2.2,2.2,0.3,0.4,0.2,0.1,0.1,0.0,0.0,0.0,1,8.1
802,Malik Verdon,ATL,DB,ILB,16,O,48.0,5.9,2.8,3.1,0.2,0.0,0.2,0.1,0.1,0.0,0.0,0.0,1,7.8
803,Smael Mondon Jr.,PHI,LB,RILB,17,,51.0,5.8,2.5,3.3,0.3,0.0,0.2,0.0,0.1,0.0,0.0,0.0,1,7.8
804,Tre’Davious White,BUF,DB,RCB,17,Q,61.0,4.0,2.7,1.4,0.1,0.0,0.7,0.1,0.1,0.0,0.0,0.0,2,7.5
805,Brandin Echols,PIT,DB,CB,16,,56.0,4.0,2.2,1.9,0.2,0.0,0.6,0.2,0.1,0.0,0.0,0.0,3,7.4
806,Brennan Jackson,LV,LB,OLB,17,,51.0,4.9,2.4,2.4,0.3,0.1,0.2,0.0,0.1,0.0,0.0,0.0,1,7.4
807,Daniel Thomas,DET,DB,SS,17,,51.0,5.0,2.7,2.4,0.2,0.0,0.3,0.0,0.1,0.0,0.0,0.0,1,7.4
808,Caleb Murphy,LAC,LB,OLB,17,,51.0,4.9,2.4,2.4,0.3,0.1,0.2,0.0,0.1,0.0,0.0,0.0,1,7.3
809,Thomas Incoom,CAR,LB,OLB,17,,51.0,4.9,2.4,2.4,0.3,0.1,0.2,0.0,0.0,0.0,0.0,0.0,1,7.3
810,Tavierre Thomas,MIN,DB,CB,16,,64.0,4.6,2.4,2.2,0.2,0.0,0.6,0.0,0.1,0.0,0.0,0.0,1,7.2
811,Deane Leonard,LAC,DB,LCB,13,,53.0,3.9,2.6,1.2,0.1,0.0,0.8,0.1,0.1,0.0,0.0,0.0,1,7.2
812,Mike Green,BAL,LB,OLB,17,,51.0,4.7,2.3,2.4,0.3,0.0,0.2,0.1,0.1,0.0,0.0,0.0,1,7.1
813,Dwight McGlothern,MIN,DB,CB,16,,64.0,4.3,2.3,2.0,0.2,0.0,0.6,0.0,0.1,0.0,0.0,0.0,1,7.0
814,Obo Okoronkwo,PHI,LB,OLB,17,,51.0,4.0,1.8,1.8,0.2,0.5,0.2,0.0,0.1,0.0,0.0,0.0,0,7.0
815,Siran Neal,SF,DB,CB,17,,51.0,4.2,2.2,2.0,0.2,0.0,0.7,0.1,0.1,0.0,0.0,0.0,1,7.0
816,Lonnie Johnson Jr.,LV,DB,SS,10,,40.0,4.2,2.2,2.0,0.2,0.0,0.3,0.1,0.0,0.0,0.0,0.0,2,6.6
817,J.L. Skinner,DEN,DB,SS,17,,50.0,4.4,2.3,2.0,0.2,0.0,0.3,0.0,0.0,0.0,0.0,0.0,1,6.5
818,Cameron Goode,MIA,LB,LOLB,17,,51.0,4.5,1.8,2.5,0.3,0.1,0.2,0.0,0.1,0.0,0.0,0.0,1,6.5
819,Jordan Hancock,BUF,DB,CB,17,Q,60.0,4.0,2.1,1.9,0.1,0.0,0.6,0.0,0.1,0.0,0.0,0.0,1,6.4
820,Brandon George,KC,LB,MLB,13,,39.0,4.7,2.2,2.4,0.3,0.0,0.1,0.0,0.0,0.0,0.0,0.0,1,6.4
821,Damarri Mathis,CAR,DB,CB,17,,51.0,3.8,2.0,1.8,0.2,0.0,0.7,0.1,0.0,0.0,0.0,0.0,1,6.4
822,Jordan Burch,ARI,LB,LOLB,17,,51.0,4.3,1.8,2.5,0.3,0.0,0.2,0.1,0.1,0.0,0.0,0.0,1,6.2
823,Donovan McMillon,CLE,DB,SS,17,,50.0,4.2,2.2,1.9,0.2,0.0,0.3,0.0,0.1,0.0,0.0,0.0,1,6.2
824,Tyler Owens,WAS,DB,FS,17,,41.0,4.0,2.2,1.8,0.2,0.0,0.3,0.0,0.0,0.0,0.0,0.0,1,6.1
825,Elijah Ponder,NE,LB,LOLB,17,,51.0,4.3,1.8,2.5,0.3,0.0,0.2,0.0,0.1,0.0,0.0,0.0,1,6.0
826,Jared Ivey,SEA,LB,LOLB,17,,51.0,4.2,1.8,2.4,0.3,0.0,0.2,0.0,0.1,0.0,0.0,0.0,1,5.9
827,Natrone Brooks,ATL,DB,CB,17,,51.0,3.4,1.8,1.6,0.2,0.0,0.6,0.1,0.1,0.0,0.0,0.0,1,5.9
828,Jaylen Harrell,TEN,LB,OLB,17,,51.0,3.9,1.9,2.0,0.2,0.1,0.2,0.0,0.1,0.0,0.0,0.0,1,5.8
829,Josh Simmons,KC,LB,OL,17,,526.0,0.0,0.0,0.0,0.0,0.0,0.0,0.4,0.5,0.3,0.0,0.1,7,5.8
830,Tristin McCollum,LV,DB,FS,17,,34.0,3.9,2.1,1.7,0.2,0.0,0.3,0.0,0.0,0.0,0.0,0.0,1,5.7
831,Que Robinson,DEN,LB,LOLB,17,,51.0,4.1,1.7,2.4,0.3,0.0,0.2,0.0,0.1,0.0,0.0,0.0,1,5.7
832,Jaylon Jones,CHI,DB,CB,17,,51.0,3.4,1.8,1.6,0.2,0.0,0.6,0.1,0.0,0.0,0.0,0.0,1,5.6
833,Nick McCloud,CHI,DB,RCB,17,,51.0,3.1,2.0,1.1,0.2,0.0,0.5,0.1,0.0,0.0,0.0,0.0,1,5.5
834,Ezekiel Turner,DET,LB,LOLB,13,,39.0,3.6,1.4,2.0,0.3,0.1,0.1,0.0,0.0,0.0,0.0,0.0,0,5.2
835,Bralen Trice,ATL,LB,OLB,13,,39.0,3.1,1.5,1.5,0.3,0.1,0.1,0.0,0.0,0.0,0.0,0.0,1,5.0
836,Kendall Williamson,LAC,DB,FS,17,,34.0,3.4,1.9,1.5,0.2,0.0,0.2,0.0,0.0,0.0,0.0,0.0,1,5.0
837,Rayuan Lane III,JAC,DB,SS,17,,34.0,3.4,1.8,1.6,0.2,0.0,0.2,0.0,0.0,0.0,0.0,0.0,1,5.0
838,Tyler Batty,MIN,LB,LOLB,13,,39.0,3.6,1.5,2.0,0.3,0.0,0.1,0.0,0.0,0.0,0.0,0.0,1,5.0
839,Josh Butler,DAL,DB,CB,17,O,29.0,2.8,1.4,1.3,0.1,0.1,0.5,0.0,0.0,0.0,0.0,0.0,0,4.7
840,Cory Trice,PIT,DB,CB,13,,35.0,2.5,1.3,1.2,0.1,0.0,0.4,0.1,0.0,0.0,0.0,0.0,1,4.3
841,Kitan Crawford,ARI,DB,S,17,,33.0,2.6,1.7,1.0,0.2,0.0,0.2,0.0,0.0,0.0,0.0,0.0,1,4.3
842,Kindle Vildor,TB,DB,CB,17,,34.0,2.7,1.4,1.3,0.0,0.0,0.4,0.1,0.0,0.0,0.0,0.0,1,4.3
843,Cam Smith,MIA,DB,CB,13,O,32.0,2.5,1.3,1.2,0.1,0.0,0.4,0.0,0.0,0.0,0.0,0.0,0,4.0
844,Jalyn Armour-Davis,TEN,DB,CB,17,,34.0,2.7,1.4,1.2,0.0,0.0,0.3,0.0,0.0,0.0,0.0,0.0,0,3.9
845,Keyon Martin,BAL,DB,CB,17,,34.0,2.2,1.2,1.1,0.0,0.0,0.3,0.0,0.0,0.0,0.0,0.0,1,3.5
846,Trikweze Bridges,DAL,DB,CB,17,,29.0,2.2,1.2,1.0,0.0,0.0,0.3,0.0,0.0,0.0,0.0,0.0,0,3.4
847,Ja’Marcus Ingram,BUF,DB,CB,4,,21.0,1.7,0.9,0.8,0.0,0.1,0.3,0.1,0.0,0.0,0.0,0.0,1,3.3
848,Wyatt Milum,JAC,LB,OL,17,,285.0,0.0,0.0,0.0,0.0,0.0,0.0,0.3,0.3,0.1,0.0,0.0,4,3.3
849,Victor Dimukeje,NYG,LB,LOLB,6,O,18.0,1.8,0.7,1.0,0.1,0.2,0.1,0.0,0.0,0.0,0.0,0.0,0,3.1
850,J.T. Gray,NO,DB,SS,17,Q,17.0,2.0,1.1,1.0,0.0,0.0,0.2,0.0,0.0,0.0,0.0,0.0,0,2.9
851,Joe Huber,MIN,LB,OL,17,,237.0,0.0,0.0,0.0,0.0,0.0,0.0,0.2,0.3,0.1,0.0,0.0,3,2.9
852,Ben Chukwuma,TB,LB,OL,17,,185.0,0.0,0.0,0.0,0.0,0.0,0.0,0.2,0.2,0.1,0.0,0.0,3,2.7
853,Brandon Crenshaw-Dickson,TEN,LB,OL,17,,211.0,0.0,0.0,0.0,0.0,0.0,0.0,0.2,0.2,0.1,0.0,0.0,3,2.3
854,Eric Rogers,LAC,DB,CB,13,,17.0,1.3,0.7,0.6,0.0,0.0,0.3,0.0,0.0,0.0,0.0,0.0,0,2.1
855,Marcus Bryant,NE,LB,OT,17,,180.0,0.0,0.0,0.0,0.0,0.0,0.0,0.1,0.2,0.1,0.0,0.0,2,1.9
856,Donte Kent,PIT,DB,CB,13,,13.0,1.1,0.6,0.5,0.0,0.0,0.1,0.0,0.0,0.0,0.0,0.0,0,1.7
857,Torricelli Simpkins III,NO,LB,OL,17,,135.0,0.0,0.0,0.0,0.0,0.0,0.0,0.1,0.1,0.1,0.0,0.0,2,1.5
858,Savion Washington,LAC,LB,OT,11,O,131.0,0.0,0.0,0.0,0.0,0.0,0.0,0.1,0.1,0.1,0.0,0.0,2,1.5
859,Dorian Strong,BUF,DB,CB,4,,8.0,0.5,0.2,0.2,0.0,0.0,0.1,0.0,0.0,0.0,0.0,0.0,0,0.7
860,Esa Pole,NYJ,LB,OT,17,,51.0,0.0,0.0,0.0,0.0,0.0,0.0,0.1,0.1,0.0,0.0,0.0,1,0.7
861,Josh Fryar,ARI,LB,OL,17,,51.0,0.0,0.0,0.0,0.0,0.0,0.0,0.1,0.1,0.0,0.0,0.0,1,0.7
862,Xavier Truss,NO,LB,OL,17,,51.0,0.0,0.0,0.0,0.0,0.0,0.0,0.1,0.0,0.0,0.0,0.0,1,0.6
863,John Williams,GB,LB,OL,17,O,51.0,0.0,0.0,0.0,0.0,0.0,0.0,0.0,0.1,0.0,0.0,0.0,1,0.6