Player,Team,ATT,CMP,YDS,TDS,INTS,ATT.1,YDS.1,TDS.1,FL,FPTS,Pos,REC
 ,,,,,,,,,,,,QB,
Josh Allen,BUF,520.9,333.6,"3,913.5",29.0,10.4,115.9,572.2,10.7,3.4,376.7,QB,
Lamar Jackson,BAL,477.5,319.1,"3,871.4",32.3,8.3,134.7,828.0,3.9,4.5,372.9,QB,
Jalen Hurts,PHI,462.3,312.4,"3,543.7",23.6,8.6,147.3,633.2,12.6,3.9,359.0,QB,
Jayden Daniels,WAS,530.7,360.6,"3,867.6",26.7,10.6,137.5,749.8,5.7,2.5,355.1,QB,
Joe Burrow,CIN,623.6,431.9,"4,641.5",35.7,10.4,48.2,179.7,2.1,3.8,341.0,QB,
Patrick Mahomes II,KC,603.0,408.3,"4,270.1",30.3,12.1,75.1,365.6,2.8,2.5,328.5,QB,
Baker Mayfield,TB,553.8,383.7,"4,164.8",32.7,14.7,64.5,288.5,2.6,3.9,318.9,QB,
Kyler Murray,ARI,540.4,366.4,"3,820.0",24.2,11.2,88.6,551.8,5.1,3.8,316.4,QB,
Brock Purdy,SF,522.6,349.6,"4,288.9",27.1,12.4,64.6,279.1,3.6,2.9,310.9,QB,
Bo Nix,DEN,558.2,364.7,"3,800.4",27.4,12.1,88.7,423.4,3.5,2.0,309.2,QB,
Justin Fields,NYJ,496.6,308.7,"3,243.4",19.2,10.9,135.1,743.3,6.1,3.8,299.1,QB,
J.J. McCarthy,MIN,559.0,364.7,"4,055.4",28.6,14.4,57.5,258.6,2.1,3.8,292.6,QB,
Dak Prescott,DAL,602.7,396.6,"4,258.1",27.6,12.1,42.5,178.4,1.9,3.0,291.5,QB,
Justin Herbert,LAC,536.3,351.7,"3,956.4",25.6,8.5,65.4,272.0,2.6,2.5,290.1,QB,
Caleb Williams,CHI,562.0,357.1,"3,767.2",23.8,10.3,86.8,470.6,2.6,4.5,289.1,QB,
Jared Goff,DET,549.8,380.1,"4,350.5",30.0,11.5,30.3,61.5,0.5,2.9,285.6,QB,
C.J. Stroud,HOU,560.7,360.3,"4,071.0",24.9,10.6,58.7,256.9,1.7,3.7,280.3,QB,
Drake Maye,NE,517.3,345.5,"3,573.6",22.7,12.7,77.2,491.7,3.0,4.8,279.0,QB,
Jordan Love,GB,507.6,325.7,"3,900.0",27.6,12.1,41.5,166.8,1.9,2.5,277.3,QB,
Trevor Lawrence,JAC,551.5,354.0,"3,985.1",23.5,13.0,54.4,252.3,3.1,4.1,275.7,QB,
Bryce Young,CAR,557.5,353.3,"3,649.7",21.6,12.0,52.8,294.7,3.5,3.5,264.2,QB,
Michael Penix Jr.,ATL,543.2,347.9,"3,923.9",23.5,13.4,52.1,196.6,2.1,3.2,263.5,QB,
Tua Tagovailoa,MIA,575.3,399.3,"4,142.8",26.0,11.9,26.8,86.0,0.5,3.9,261.8,QB,
Geno Smith,LV,567.3,380.1,"3,963.6",22.0,13.5,54.2,242.2,1.7,2.8,261.6,QB,
Matthew Stafford,LAR,546.6,358.7,"4,035.3",25.7,11.0,29.3,72.7,0.7,2.5,260.1,QB,
Cam Ward,TEN,517.0,329.5,"3,574.1",21.6,13.8,74.3,330.1,2.4,4.1,254.5,QB,
Sam Darnold,SEA,546.5,358.1,"3,807.7",22.7,13.9,59.5,205.4,1.9,3.8,253.4,QB,
Aaron Rodgers,PIT,543.0,348.4,"3,751.4",22.9,9.7,22.4,80.6,0.4,2.8,237.3,QB,
Daniel Jones,IND,443.7,277.3,"2,893.7",17.2,9.9,92.2,408.6,3.4,3.4,229.3,QB,
Russell Wilson,NYG,421.1,269.5,"2,860.9",15.5,8.1,51.0,216.0,1.9,2.6,195.8,QB,
Spencer Rattler,NO,374.0,227.3,"2,430.7",13.4,8.9,40.6,217.9,1.0,4.0,161.6,QB,
Joe Flacco,CLE,420.8,264.6,"2,770.1",14.2,11.3,15.2,43.5,0.4,3.8,155.6,QB,
Tyler Shough,NO,173.7,109.4,"1,286.1",6.3,5.3,19.7,92.6,0.6,1.3,81.5,QB,
Anthony Richardson Sr.,IND,68.5,38.9,662.1,3.6,3.2,17.4,146.5,1.4,1.2,58.5,QB,
Dillon Gabriel,CLE,126.2,77.9,793.8,3.9,2.9,11.4,45.2,0.4,0.8,50.1,QB,
Jaxson Dart,NYG,95.7,60.0,696.0,3.5,3.0,11.1,57.1,0.5,1.1,45.7,QB,
Shedeur Sanders,CLE,95.2,58.2,649.4,3.1,2.5,11.8,37.0,0.1,1.0,38.5,QB,
Jalen Milroe,SEA,16.2,10.2,130.4,0.8,0.8,25.6,110.9,1.0,0.4,24.3,QB,
Mason Rudolph,PIT,20.4,13.5,151.7,0.9,0.7,18.8,67.7,0.5,0.0,18.8,QB,
Jameis Winston,NYG,29.0,18.3,264.0,1.5,1.3,2.3,10.8,0.0,0.0,16.4,QB,
Jimmy Garoppolo,LAR,28.3,18.3,209.7,1.6,0.7,1.0,2.9,0.0,0.0,14.2,QB,
Malik Willis,GB,20.1,12.7,158.1,0.9,0.3,4.6,28.2,0.2,0.0,13.7,QB,
Marcus Mariota,WAS,22.6,15.2,172.5,1.1,0.3,4.5,22.3,0.0,0.0,13.1,QB,
Tyrod Taylor,NYJ,18.6,11.7,186.3,0.9,0.9,4.9,23.0,0.0,0.4,11.8,QB,
Mac Jones,SF,21.9,14.0,172.5,0.9,0.7,1.8,7.5,0.0,0.0,10.6,QB,
Joshua Dobbs,NE,21.1,13.6,156.5,0.9,0.7,1.8,12.6,0.0,0.0,10.5,QB,
Zach Wilson,MIA,20.0,12.9,154.1,0.9,0.5,2.6,10.3,0.0,0.0,10.3,QB,
Aidan O'Connell,LV,22.5,14.5,158.5,1.0,0.5,1.0,3.0,0.0,0.0,10.1,QB,
Jake Browning,CIN,15.1,10.3,136.2,1.0,0.4,1.1,8.4,0.0,0.0,9.7,QB,
Jacoby Brissett,ARI,18.4,12.1,148.2,0.7,0.5,1.8,9.5,0.0,0.0,9.3,QB,
Gardner Minshew II,KC,19.1,12.7,152.0,1.0,0.5,1.8,7.8,0.0,0.7,8.9,QB,
Tanner McKee,PHI,11.1,7.1,125.1,0.7,0.4,3.1,8.0,0.0,0.0,8.4,QB,
Joe Milton III,DAL,14.7,9.5,123.5,0.7,0.4,1.4,11.8,0.0,0.0,8.4,QB,
Kenny Pickett,LV,13.8,9.0,123.4,0.6,0.3,1.4,8.5,0.0,0.0,7.9,QB,
Tyson Bagent,CHI,13.5,8.7,115.2,0.6,0.4,1.8,11.1,0.0,0.0,7.9,QB,
Nick Mullens,JAC,13.0,8.4,127.4,0.7,0.6,1.4,6.5,0.0,0.0,7.8,QB,
Mitchell Trubisky,BUF,12.4,8.2,118.4,0.7,0.4,1.8,7.9,0.0,0.0,7.8,QB,
Teddy Bridgewater,TB,12.2,8.5,120.8,0.7,0.6,1.7,8.0,0.0,0.0,7.7,QB,
Jarrett Stidham,DEN,12.9,8.5,116.5,0.7,0.4,1.5,7.6,0.0,0.0,7.7,QB,
Davis Mills,HOU,13.4,8.0,116.3,0.7,0.4,1.4,6.4,0.0,0.0,7.6,QB,
Cooper Rush,BAL,11.2,7.6,117.7,0.7,0.3,2.1,10.1,0.0,0.4,7.4,QB,
Andy Dalton,CAR,13.1,8.7,116.0,0.7,0.6,1.4,6.5,0.0,0.0,7.4,QB,
Kirk Cousins,ATL,12.8,8.3,130.2,0.7,0.6,1.7,6.3,0.0,0.4,7.3,QB,
Trey Lance,LAC,12.3,7.5,111.1,0.4,0.4,1.5,12.5,0.0,0.0,7.1,QB,
Brandon Allen,TEN,12.1,7.6,110.5,0.6,0.6,1.4,5.0,0.0,0.0,6.8,QB,
Drew Lock,SEA,11.5,7.4,109.5,0.6,0.6,1.3,6.0,0.0,0.0,6.8,QB,
Sam Howell,PHI,5.0,3.1,91.6,0.8,0.4,0.0,4.7,0.0,0.0,6.8,QB,
Kyle Allen,DET,13.7,9.2,107.6,0.6,0.1,1.6,1.3,0.0,0.0,6.7,QB,
Deshaun Watson,CLE,0.0,0.0,99.0,0.5,0.5,0.0,12.0,0.0,0.0,6.7,QB,
Hendon Hooker,CAR,0.0,0.0,103.5,0.5,0.5,0.0,8.0,0.0,0.0,6.4,QB,
Quinn Ewers,MIA,0.0,0.0,100.0,0.5,0.5,0.0,7.0,0.0,0.0,6.2,QB,
Carson Wentz,MIN,10.4,6.7,77.3,0.5,0.4,1.8,7.7,0.0,0.0,5.4,QB,
Graham Mertz,HOU,8.0,5.5,59.5,0.5,0.0,1.0,4.0,0.0,0.0,4.8,QB,
Will Howard,PIT,6.0,4.0,44.5,0.5,0.0,1.0,3.0,0.0,0.0,4.1,QB,
Josh Johnson,WAS,5.6,3.5,36.9,0.2,0.2,0.0,0.0,0.0,0.0,2.1,QB,
Case Keenum,CHI,0.0,0.0,0.0,0.0,0.0,0.0,0.0,0.0,0.0,0.0,QB,
Skylar Thompson,PIT,0.0,0.0,0.0,0.0,0.0,0.0,0.0,0.0,0.0,0.0,QB,
Will Levis,TEN,0.0,0.0,0.0,0.0,0.0,0.0,0.0,0.0,0.0,0.0,QB,
Stetson Bennett IV,LAR,0.0,0.0,0.0,0.0,0.0,0.0,0.0,0.0,0.0,0.0,QB,
Tommy DeVito,NE,0.0,0.0,0.0,0.0,0.0,0.0,0.0,0.0,0.0,0.0,QB,
Kurtis Rourke,SF,0.0,0.0,0.0,0.0,0.0,0.0,0.0,0.0,0.0,0.0,QB,
Riley Leonard,IND,0.0,0.0,0.0,0.0,0.0,0.0,0.0,0.0,0.0,0.0,QB,
Trevor Siemian,TEN,0.0,0.0,0.0,0.0,0.0,0.0,0.0,0.0,0.0,0.0,QB,
Brett Rypien,CIN,0.0,0.0,0.0,0.0,0.0,0.0,0.0,0.0,0.0,0.0,QB,
Easton Stick,ATL,0.0,0.0,0.0,0.0,0.0,0.0,0.0,0.0,0.0,0.0,QB,
Tyler Huntley,BAL,0.0,0.0,0.0,0.0,0.0,0.0,0.0,0.0,0.0,0.0,QB,
Sam Ehlinger,DEN,0.0,0.0,0.0,0.0,0.0,0.0,0.0,0.0,0.0,0.0,QB,
Bailey Zappe,CLE,0.0,0.0,0.0,0.0,0.0,0.0,0.0,0.0,0.0,0.0,QB,
Chris Oladokun,KC,0.0,0.0,0.0,0.0,0.0,0.0,0.0,0.0,0.0,0.0,QB,
Shane Buechele,BUF,0.0,0.0,0.0,0.0,0.0,0.0,0.0,0.0,0.0,0.0,QB,
Jake Haener,NO,0.0,0.0,0.0,0.0,0.0,0.0,0.0,0.0,0.0,0.0,QB,
Clayton Tune,GB,0.0,0.0,0.0,0.0,0.0,0.0,0.0,0.0,0.0,0.0,QB,
Cam Miller,LV,0.0,0.0,0.0,0.0,0.0,0.0,0.0,0.0,0.0,0.0,QB,
Kyle McCord,PHI,0.0,0.0,0.0,0.0,0.0,0.0,0.0,0.0,0.0,0.0,QB,
,,,,,,,,,,,,QB,
,,,,,,,,,,,,QB,
 ,,,,,,,,,,,,RB,
Saquon Barkley,PHI,336.3,,"1,682.4",11.0,,,332.4,2.2,1.4,278.0,RB,43.4
Bijan Robinson,ATL,304.7,,"1,421.4",11.4,,,448.5,2.3,1.4,266.1,RB,59.1
Jahmyr Gibbs,DET,240.2,,"1,240.6",11.7,,,513.6,2.8,1.3,259.5,RB,58.4
Derrick Henry,BAL,306.2,,"1,554.2",13.7,,,153.2,0.9,1.4,255.7,RB,16.4
Christian McCaffrey,SF,245.5,,"1,111.3",8.1,,,559.1,3.5,1.8,233.2,RB,64.8
Jonathan Taylor,IND,310.7,,"1,413.8",10.7,,,204.9,1.3,1.6,230.4,RB,28.6
Josh Jacobs,GB,290.6,,"1,232.1",11.5,,,315.9,1.5,1.5,229.2,RB,38.1
Kyren Williams,LAR,291.7,,"1,249.9",11.6,,,213.7,1.7,2.3,221.3,RB,33.6
Ashton Jeanty,LV,272.7,,"1,226.6",9.2,,,362.1,1.9,2.4,220.9,RB,46.0
De'Von Achane,MIA,217.8,,"1,013.6",7.6,,,506.6,3.9,1.3,218.1,RB,68.7
Bucky Irving,TB,245.0,,"1,161.6",8.4,,,353.6,1.7,1.4,209.8,RB,45.4
Chase Brown,CIN,244.7,,"1,032.7",8.4,,,407.9,2.8,1.4,208.5,RB,58.0
James Cook,BUF,232.3,,"1,089.1",9.8,,,259.2,1.9,1.4,201.8,RB,31.6
James Conner,ARI,222.9,,"1,004.2",8.2,,,326.4,1.7,1.4,189.9,RB,42.5
Chuba Hubbard,CAR,252.2,,"1,108.7",8.2,,,247.3,1.1,1.8,187.5,RB,41.0
Omarion Hampton,LAC,225.5,,985.3,8.7,,,273.8,1.5,2.1,182.7,RB,35.3
Alvin Kamara,NO,218.7,,897.1,5.4,,,479.2,2.0,1.3,179.6,RB,62.9
Kenneth Walker III,SEA,233.4,,948.7,8.0,,,309.3,1.3,1.3,178.5,RB,43.1
Breece Hall,NYJ,218.2,,976.1,5.7,,,377.5,1.9,1.6,178.3,RB,46.2
Tony Pollard,TEN,251.3,,"1,050.4",5.9,,,271.7,0.9,1.0,171.1,RB,42.2
TreVeyon Henderson,NE,219.6,,958.4,6.3,,,280.3,1.8,1.7,168.8,RB,35.9
David Montgomery,DET,199.2,,837.3,9.0,,,261.0,0.9,1.0,167.1,RB,31.8
D'Andre Swift,CHI,237.7,,963.9,6.1,,,284.1,1.2,1.1,166.7,RB,36.7
Aaron Jones Sr.,MIN,199.2,,890.4,4.5,,,327.8,2.3,1.8,158.8,RB,44.4
RJ Harvey,DEN,192.3,,827.8,5.8,,,270.5,1.7,1.3,152.0,RB,35.4
Isiah Pacheco,KC,207.6,,856.9,6.0,,,234.6,1.1,1.0,149.6,RB,34.2
Kaleb Johnson,PIT,206.7,,864.3,6.6,,,177.3,1.0,1.7,146.2,RB,23.2
Tyrone Tracy Jr.,NYG,192.6,,829.3,5.3,,,268.7,1.1,1.6,145.3,RB,36.1
Jaylen Warren,PIT,149.5,,668.5,3.6,,,362.5,1.2,1.1,129.5,RB,49.9
Jacory Croskey-Merritt,WAS,163.8,,693.1,5.8,,,180.0,1.3,0.9,127.9,RB,22.8
Austin Ekeler,WAS,108.7,,487.6,4.7,,,385.4,1.8,1.4,123.4,RB,47.2
Zach Charbonnet,SEA,135.9,,586.4,4.9,,,268.2,1.0,0.8,119.3,RB,36.2
J.K. Dobbins,DEN,147.1,,655.3,4.8,,,190.2,1.2,1.2,117.9,RB,29.6
Jordan Mason,MIN,164.4,,756.6,4.7,,,118.7,0.5,0.7,117.3,RB,16.2
Javonte Williams,DAL,168.2,,644.5,4.4,,,220.1,0.9,0.6,116.9,RB,34.4
Rhamondre Stevenson,NE,153.7,,623.7,5.0,,,177.0,1.1,1.5,113.5,RB,27.8
Travis Etienne Jr.,JAC,140.2,,573.4,3.8,,,273.8,1.1,0.8,112.3,RB,37.0
Joe Mixon,HOU,143.4,,570.0,4.9,,,198.0,1.1,0.8,111.4,RB,24.7
Jerome Ford,CLE,142.7,,589.2,3.1,,,239.5,1.1,0.8,106.5,RB,34.4
Nick Chubb,HOU,133.6,,566.2,4.8,,,91.0,1.0,0.5,98.9,RB,11.9
Tank Bigsby,JAC,150.5,,619.0,5.0,,,77.2,0.2,1.1,98.4,RB,10.7
Quinshon Judkins,CLE,126.9,,543.3,3.6,,,169.0,0.9,1.2,96.1,RB,21.8
Rachaad White,TB,104.5,,420.6,2.7,,,270.7,2.1,1.3,95.3,RB,35.9
Trey Benson,ARI,129.4,,581.5,3.8,,,126.3,0.5,0.9,95.0,RB,16.5
Cam Skattebo,NYG,122.2,,522.5,3.5,,,185.4,0.9,1.2,94.8,RB,23.8
Dylan Sampson,CLE,125.0,,518.6,3.0,,,179.6,0.9,0.8,92.1,RB,22.9
Jaydon Blue,DAL,114.5,,498.7,3.1,,,176.7,0.9,0.8,89.6,RB,22.8
Najee Harris,LAC,124.5,,484.1,3.8,,,130.3,0.7,0.8,86.9,RB,17.8
Tyler Allgeier,ATL,121.3,,554.9,3.3,,,102.5,0.4,0.8,86.4,RB,13.9
Ray Davis,BUF,114.6,,485.2,3.6,,,105.7,1.0,0.8,85.2,RB,12.4
Bhayshul Tuten,JAC,106.6,,449.2,3.1,,,145.4,0.9,0.9,81.3,RB,18.5
Braelon Allen,NYJ,116.5,,439.6,3.0,,,126.7,0.8,0.4,78.5,RB,16.9
Rico Dowdle,CAR,93.0,,415.9,2.4,,,152.4,1.1,0.8,75.9,RB,22.4
Tyjae Spears,TEN,83.8,,337.1,2.5,,,219.6,1.0,0.5,75.8,RB,29.3
Kendre Miller,NO,110.1,,416.4,3.7,,,90.4,0.2,0.5,73.0,RB,12.1
Kareem Hunt,KC,80.7,,323.0,3.3,,,149.7,0.8,0.1,71.9,RB,21.4
Ollie Gordon II,MIA,96.6,,409.6,3.4,,,95.1,0.5,1.1,71.5,RB,12.4
Brian Robinson Jr.,SF,106.3,,427.2,3.5,,,66.7,0.4,1.2,70.4,RB,8.1
Roschon Johnson,CHI,86.8,,301.2,4.2,,,98.5,0.4,0.1,67.7,RB,15.0
Jaylen Wright,MIA,108.2,,426.7,2.8,,,71.5,0.5,1.1,67.0,RB,10.5
Blake Corum,LAR,93.4,,347.5,2.3,,,93.8,0.3,0.4,59.2,RB,12.7
MarShawn Lloyd,GB,87.4,,313.7,2.5,,,88.7,0.6,0.4,58.3,RB,11.1
Justice Hill,BAL,41.9,,185.2,1.1,,,221.4,1.7,0.4,56.6,RB,27.3
Raheem Mostert,LV,77.1,,278.1,2.4,,,121.6,0.6,0.8,56.1,RB,16.4
Keaton Mitchell,BAL,66.1,,322.4,1.7,,,85.9,0.5,0.0,54.0,RB,9.2
Miles Sanders,DAL,93.4,,344.9,2.0,,,61.9,0.3,0.5,53.9,RB,10.0
Chris Rodriguez Jr.,WAS,70.4,,318.2,2.9,,,40.6,0.1,0.4,53.4,RB,5.4
Woody Marks,HOU,58.4,,234.7,1.6,,,145.5,0.8,0.1,52.3,RB,19.5
Tahj Brooks,CIN,66.0,,266.0,2.1,,,104.1,0.7,1.0,51.9,RB,12.4
Ty Johnson,BUF,45.2,,205.8,0.9,,,165.7,1.5,0.1,51.4,RB,15.2
Samaje Perine,CIN,49.5,,201.6,1.3,,,162.4,0.9,0.7,48.5,RB,18.5
Zamir White,LV,67.9,,263.2,1.6,,,81.3,0.4,0.1,46.0,RB,11.6
Kyle Monangai,CHI,44.2,,265.3,2.4,,,45.6,0.1,0.1,45.7,RB,6.4
Jarquez Hunter,LAR,61.6,,251.0,2.0,,,61.4,0.4,0.7,44.4,RB,7.1
Antonio Gibson,NE,50.6,,213.5,1.0,,,134.1,0.5,0.0,43.7,RB,16.5
Devin Neal,NO,53.6,,247.7,1.7,,,61.8,0.4,0.1,43.3,RB,8.3
Kenneth Gainwell,PIT,58.4,,226.5,1.6,,,88.2,0.4,0.4,42.7,RB,12.5
Isaac Guerendo,SF,50.1,,239.8,1.9,,,67.2,0.1,0.4,41.8,RB,7.5
Devin Singletary,NYG,52.0,,236.6,1.5,,,63.9,0.1,0.4,39.3,RB,9.4
Will Shipley,PHI,40.2,,214.2,1.4,,,68.4,0.5,0.1,38.9,RB,9.2
Trevor Etienne,CAR,48.3,,192.7,1.5,,,87.7,0.4,0.4,38.7,RB,10.8
Jaleel McLaughlin,DEN,39.6,,169.3,0.9,,,110.8,0.9,0.5,37.9,RB,18.3
Emanuel Wilson,GB,43.0,,206.8,1.4,,,57.3,0.4,0.4,36.7,RB,7.9
Sean Tucker,TB,45.2,,232.0,1.4,,,41.1,0.4,0.7,36.3,RB,5.3
Elijah Mitchell,KC,59.6,,200.7,1.6,,,40.8,0.4,0.1,35.9,RB,7.2
Tyler Goodson,IND,52.6,,180.9,1.1,,,37.8,0.4,0.0,30.5,RB,5.7
DJ Giddens,IND,23.7,,163.2,1.3,,,56.4,0.1,0.0,30.3,RB,7.6
Dameon Pierce,HOU,38.1,,183.4,1.2,,,50.9,0.2,0.8,29.9,RB,7.7
Julius Chestnut,TEN,36.7,,144.3,0.8,,,75.2,0.3,0.0,28.9,RB,10.3
A.J. Dillon,PHI,37.0,,154.1,1.3,,,28.5,0.1,0.0,26.5,RB,3.6
Hassan Haskins,LAC,28.3,,117.6,0.9,,,59.2,0.5,0.3,25.2,RB,7.7
Isaiah Davis,NYJ,30.8,,151.9,0.8,,,35.6,0.1,0.0,24.5,RB,4.9
Zavier Scott,MIN,32.0,,153.0,1.0,,,29.0,0.0,0.0,24.2,RB,3.0
Chris Brooks,GB,27.3,,136.3,0.9,,,48.5,0.1,0.0,24.1,RB,7.3
Kyle Juszczyk,SF,5.9,,24.2,0.3,,,137.3,0.8,0.4,22.4,RB,14.5
Brashard Smith,KC,14.4,,91.4,0.6,,,63.1,0.5,0.0,21.8,RB,8.5
Kalel Mullings,TEN,28.5,,118.9,0.9,,,32.3,0.1,0.0,20.9,RB,4.2
Kimani Vidal,LAC,39.6,,95.1,0.5,,,49.5,0.4,0.0,19.7,RB,6.5
Emari Demercado,ARI,18.7,,106.3,0.4,,,54.1,0.1,0.0,19.1,RB,8.1
Ty Chandler,MIN,19.4,,97.6,0.7,,,34.5,0.1,0.0,17.9,RB,4.9
Jeremy McNichols,WAS,21.9,,92.9,1.1,,,15.3,0.0,0.0,17.7,RB,2.7
George Holani,SEA,8.8,,98.1,0.6,,,21.9,0.0,0.0,15.8,RB,3.0
LeQuint Allen Jr.,JAC,17.0,,60.6,0.7,,,25.4,0.1,0.0,13.1,RB,3.5
Craig Reynolds,DET,8.5,,38.1,0.1,,,54.9,0.4,0.0,12.2,RB,6.9
Alec Ingold,MIA,9.0,,21.7,0.6,,,44.1,0.4,0.4,11.7,RB,6.1
Travis Homer,CHI,19.6,,63.9,0.3,,,25.3,0.1,0.0,11.3,RB,3.3
Phil Mafah,DAL,0.0,,61.5,0.5,,,11.0,0.0,0.0,10.3,RB,1.5
C.J. Ham,MIN,2.2,,10.4,1.0,,,25.8,0.0,0.0,9.9,RB,3.6
Jordan James,SF,18.2,,63.0,0.4,,,12.0,0.0,0.0,9.8,RB,1.0
Raheim Sanders,CLE,14.0,,56.0,0.5,,,11.5,0.0,0.0,9.8,RB,1.5
Kenny McIntosh,SEA,8.2,,35.2,0.2,,,30.6,0.2,0.0,8.8,RB,3.9
Dare Ogunbowale,HOU,4.0,,31.2,0.1,,,40.1,0.2,0.0,8.3,RB,5.3
Nathan Carter,ATL,9.3,,39.0,0.3,,,14.2,0.1,0.1,7.6,RB,2.1
Patrick Ricard,BAL,4.1,,11.5,0.1,,,27.4,0.5,0.0,7.4,RB,3.4
Terrell Jennings,NE,4.8,,20.1,0.1,,,29.7,0.2,0.0,6.8,RB,3.9
Eric Gray,NYG,11.8,,42.6,0.2,,,14.5,0.1,0.5,6.0,RB,1.9
Zonovan Knight,ARI,4.6,,19.5,0.1,,,22.7,0.1,0.0,5.8,RB,3.2
Rasheen Ali,BAL,5.2,,33.4,0.1,,,10.2,0.1,0.0,5.1,RB,1.4
Hunter Luepke,DAL,4.2,,14.5,0.1,,,26.6,0.1,0.0,4.9,RB,3.9
Dylan Laube,LV,4.0,,29.4,0.1,,,14.5,0.0,0.0,4.7,RB,2.0
Trey Sermon,PIT,5.0,,20.8,0.1,,,11.3,0.1,0.0,3.9,RB,1.6
Carlos Washington Jr.,ATL,0.0,,30.0,0.0,,,7.0,0.0,0.0,3.7,RB,1.0
Velus Jones Jr.,NO,2.4,,10.5,0.1,,,13.5,0.1,0.0,3.4,RB,1.8
Michael Carter,ARI,0.0,,21.0,0.0,,,11.0,0.0,0.0,3.2,RB,1.5
Sincere McCormick,SF,0.0,,25.0,0.0,,,6.0,0.0,0.0,3.1,RB,1.0
Audric Estime,PHI,0.0,,20.0,0.0,,,6.0,0.0,0.0,2.6,RB,1.0
Josh Williams,TB,4.5,,18.7,0.1,,,0.0,0.0,0.0,2.6,RB,0.0
Damien Martinez,SEA,0.0,,17.0,0.0,,,7.0,0.0,0.0,2.4,RB,1.0
Robbie Ouzts,SEA,0.0,,0.0,0.0,,,14.9,0.1,0.0,1.9,RB,2.0
Carson Steele,KC,0.0,,12.0,0.0,,,7.0,0.0,0.0,1.9,RB,1.0
Scott Matlock,LAC,0.0,,0.0,0.0,,,14.7,0.1,0.0,1.8,RB,2.2
Lan Larison,NE,0.0,,6.0,0.0,,,11.0,0.0,0.0,1.7,RB,1.5
Tyler Badie,DEN,0.0,,10.5,0.0,,,3.5,0.0,0.0,1.4,RB,0.5
Ronnie Rivers,LAR,0.0,,4.0,0.0,,,7.0,0.0,0.0,1.1,RB,1.0
Jeff Wilson Jr.,MIA,0.0,,6.0,0.0,,,3.5,0.0,0.0,1.0,RB,0.5
DeeJay Dallas,CAR,0.0,,8.0,0.0,,,11.0,0.0,0.5,0.9,RB,1.5
Sione Vaki,DET,0.0,,4.5,0.0,,,3.5,0.0,0.0,0.8,RB,0.5
JaMycal Hasty,MIA,0.0,,4.0,0.0,,,3.5,0.0,0.0,0.8,RB,0.5
Patrick Taylor Jr.,SF,0.0,,4.0,0.0,,,3.5,0.0,0.0,0.8,RB,0.5
Alexander Mattison,MIA,0.0,,0.0,0.0,,,0.0,0.0,0.0,0.0,RB,0.0
Michael Burton,DEN,0.0,,0.0,0.0,,,0.0,0.0,0.0,0.0,RB,0.0
Andrew Beck,NYJ,0.0,,0.0,0.0,,,0.0,0.0,0.0,0.0,RB,0.0
Salvon Ahmed,IND,0.0,,0.0,0.0,,,0.0,0.0,0.0,0.0,RB,0.0
Reggie Gilliam,BUF,0.0,,0.0,0.0,,,0.0,0.0,0.0,0.0,RB,0.0
Kene Nwangwu,NYJ,0.0,,0.0,0.0,,,0.0,0.0,0.0,0.0,RB,0.0
Keaontay Ingram,KC,0.0,,0.0,0.0,,,0.0,0.0,0.0,0.0,RB,0.0
Deneric Prince,NE,0.0,,0.0,0.0,,,0.0,0.0,0.0,0.0,RB,0.0
Ben VanSumeren,PHI,0.0,,0.0,0.0,,,0.0,0.0,0.0,0.0,RB,0.0
Brady Russell,SEA,0.0,,0.0,0.0,,,0.0,0.0,0.0,0.0,RB,0.0
Jonathon Brooks,CAR,0.0,,0.0,0.0,,,0.0,0.0,0.0,0.0,RB,0.0
British Brooks,HOU,0.0,,0.0,0.0,,,0.0,0.0,0.0,0.0,RB,0.0
Trayveon Williams,CLE,0.0,,0.0,0.0,,,0.0,0.0,0.0,0.0,RB,0.0
Nyheim Miller-Hines,LAC,0.0,,0.0,0.0,,,0.0,0.0,0.0,0.0,RB,0.0
Jakob Johnson,HOU,0.0,,0.0,0.0,,,0.0,0.0,0.0,0.0,RB,0.0
Clyde Edwards-Helaire,KC,0.0,,0.0,0.0,,,0.0,0.0,0.0,0.0,RB,0.0
Gary Brightwell,CIN,0.0,,0.0,0.0,,,0.0,0.0,0.0,0.0,RB,0.0
,,,,,,,,,,,,RB,
,,,,,,,,,,,,RB,
 ,,,,,,,,,,,,WR,
Ja'Marr Chase,CIN,1.6,,"1,586.7",12.2,,,12.7,0.0,0.6,232.3,WR,120.6
Justin Jefferson,MIN,0.5,,"1,446.6",9.5,,,2.2,0.0,0.6,200.5,WR,103.8
CeeDee Lamb,DAL,9.2,,"1,396.5",8.2,,,59.1,0.3,1.0,194.3,WR,112.1
Nico Collins,HOU,0.0,,"1,319.9",9.0,,,1.6,0.0,0.5,185.1,WR,92.6
Malik Nabers,NYG,2.5,,"1,347.9",8.3,,,12.2,0.0,0.6,184.6,WR,107.4
Puka Nacua,LAR,10.7,,"1,351.7",6.8,,,61.5,0.6,0.6,184.5,WR,104.1
Brian Thomas Jr.,JAC,3.8,,"1,298.0",8.6,,,24.9,0.0,0.6,183.1,WR,92.2
Amon-Ra St. Brown,DET,1.9,,"1,261.9",8.8,,,12.6,0.1,0.9,178.5,WR,110.0
A.J. Brown,PHI,0.0,,"1,247.5",8.4,,,0.0,0.0,0.9,173.3,WR,85.2
Drake London,ATL,0.3,,"1,235.0",8.2,,,2.0,0.0,0.6,171.7,WR,96.0
Tyreek Hill,MIA,7.2,,"1,174.4",7.7,,,41.0,0.1,0.6,167.5,WR,92.9
Mike Evans,TB,0.0,,"1,076.9",10.0,,,0.0,0.0,0.5,166.5,WR,80.1
Ladd McConkey,LAC,0.0,,"1,210.0",7.5,,,1.4,0.0,0.7,165.1,WR,90.4
Tee Higgins,CIN,0.0,,"1,100.2",8.9,,,0.0,0.0,0.9,161.8,WR,86.5
Terry McLaurin,WAS,1.1,,"1,126.5",8.2,,,4.8,0.0,0.9,160.9,WR,84.6
Davante Adams,LAR,0.3,,"1,101.2",8.3,,,0.0,0.0,0.5,158.9,WR,85.4
DK Metcalf,PIT,0.0,,"1,148.0",7.3,,,1.2,0.0,1.3,156.3,WR,78.9
Xavier Worthy,KC,15.5,,928.9,7.5,,,84.7,1.5,0.5,154.3,WR,74.7
Marvin Harrison Jr.,ARI,0.0,,"1,090.6",7.6,,,3.2,0.0,1.0,153.1,WR,78.9
Jaxon Smith-Njigba,SEA,2.7,,"1,115.1",6.6,,,20.9,0.0,0.6,152.1,WR,93.5
Jameson Williams,DET,7.4,,994.1,6.5,,,63.5,0.8,0.5,148.2,WR,62.6
Zay Flowers,BAL,8.2,,"1,048.1",6.4,,,48.4,0.1,0.5,147.8,WR,77.3
Courtland Sutton,DEN,0.0,,"1,019.4",7.6,,,0.2,0.0,0.9,145.8,WR,76.8
DJ Moore,CHI,9.5,,"1,014.0",6.4,,,53.8,0.1,0.9,144.3,WR,87.7
Garrett Wilson,NYJ,1.9,,"1,092.3",6.0,,,13.5,0.0,1.3,143.8,WR,91.5
Calvin Ridley,TEN,5.6,,"1,032.5",6.0,,,33.4,0.3,0.9,142.7,WR,70.4
Tetairoa McMillan,CAR,0.5,,"1,050.9",6.4,,,7.6,0.0,1.2,142.1,WR,80.9
George Pickens,DAL,1.0,,"1,019.9",6.5,,,6.2,0.0,0.9,139.6,WR,69.7
DeVonta Smith,PHI,0.3,,980.7,7.0,,,1.2,0.0,0.5,139.3,WR,81.5
Jerry Jeudy,CLE,0.3,,"1,126.1",4.2,,,4.8,0.0,0.6,137.3,WR,83.1
Deebo Samuel Sr.,WAS,29.2,,835.7,5.1,,,124.2,1.3,1.0,132.4,WR,65.8
Jaylen Waddle,MIA,2.8,,995.8,5.0,,,16.4,0.1,0.5,130.6,WR,78.0
Matthew Golden,GB,0.5,,907.3,6.1,,,9.4,0.0,0.8,126.7,WR,65.4
Travis Hunter,JAC,3.8,,930.8,5.4,,,21.7,0.1,0.8,126.5,WR,71.8
Rome Odunze,CHI,1.3,,921.8,5.6,,,8.0,0.0,0.9,125.1,WR,68.8
Ricky Pearsall,SF,7.0,,853.5,5.5,,,54.0,0.3,0.6,124.4,WR,63.5
Jakobi Meyers,LV,1.2,,909.9,4.9,,,8.7,0.0,0.5,120.4,WR,78.0
Chris Olave,NO,0.3,,944.2,4.4,,,2.6,0.0,0.9,118.9,WR,75.4
Keon Coleman,BUF,0.3,,824.8,6.1,,,3.8,0.0,0.5,118.6,WR,52.5
Cooper Kupp,SEA,1.3,,850.2,5.6,,,9.2,0.0,0.6,118.5,WR,75.2
Stefon Diggs,NE,1.3,,855.5,5.3,,,6.9,0.2,0.5,118.1,WR,77.6
Emeka Egbuka,TB,1.6,,835.0,5.7,,,11.5,0.0,1.1,116.8,WR,65.8
Jauan Jennings,SF,2.4,,853.0,5.1,,,10.8,0.1,0.6,116.4,WR,65.6
Rashid Shaheed,NO,8.0,,844.3,4.7,,,46.7,0.1,1.2,115.8,WR,55.8
Jordan Addison,MIN,0.9,,757.4,6.1,,,6.6,0.2,0.4,113.2,WR,57.7
Darnell Mooney,ATL,0.0,,864.2,4.6,,,1.5,0.0,0.5,113.1,WR,61.1
Michael Pittman Jr.,IND,0.3,,887.5,4.2,,,2.0,0.0,0.9,112.5,WR,78.4
Jayden Reed,GB,11.0,,705.6,5.2,,,79.7,0.7,0.9,112.0,WR,52.8
Chris Godwin Jr.,TB,1.6,,787.2,5.1,,,8.1,0.0,0.6,109.2,WR,67.8
Khalil Shakir,BUF,0.5,,804.9,4.9,,,3.0,0.0,0.6,108.9,WR,71.2
Marvin Mims Jr.,DEN,11.9,,700.8,5.4,,,49.7,0.1,0.6,107.0,WR,53.0
Rashod Bateman,BAL,0.0,,717.0,5.8,,,0.6,0.0,0.1,106.4,WR,47.9
Rashee Rice,KC,0.8,,734.5,5.4,,,4.1,0.0,0.6,105.0,WR,62.1
Josh Downs,IND,0.3,,769.9,4.5,,,5.8,0.0,0.5,103.7,WR,69.2
Cedric Tillman,CLE,0.7,,737.5,4.1,,,0.8,0.0,0.9,96.8,WR,58.3
Xavier Legette,CAR,6.2,,681.9,4.2,,,30.3,0.1,0.5,96.3,WR,60.9
Marquise Brown,KC,0.3,,684.9,4.4,,,2.0,0.0,0.2,94.5,WR,55.6
Keenan Allen,LAC,0.3,,640.9,4.8,,,2.0,0.0,0.6,91.8,WR,55.6
Christian Kirk,HOU,0.7,,700.9,3.7,,,4.0,0.0,0.8,90.9,WR,54.4
Brandon Aiyuk,SF,0.0,,688.8,3.7,,,0.8,0.0,0.5,90.3,WR,45.2
Jayden Higgins,HOU,0.7,,665.8,3.9,,,4.0,0.0,0.4,89.5,WR,50.2
DeMario Douglas,NE,2.1,,647.6,3.5,,,16.0,0.0,0.2,87.2,WR,60.9
Joshua Palmer,BUF,0.0,,624.1,3.8,,,0.5,0.0,0.1,84.7,WR,44.6
Romeo Doubs,GB,0.0,,600.1,4.3,,,0.5,0.0,0.5,84.7,WR,47.1
Wan'Dale Robinson,NYG,2.0,,627.6,3.1,,,15.8,0.0,0.5,82.4,WR,69.5
Jalen Coker,CAR,0.0,,624.2,3.1,,,3.0,0.0,0.2,81.2,WR,49.0
Michael Wilson,ARI,1.9,,542.1,4.1,,,8.9,0.1,0.5,78.8,WR,45.0
Tyler Lockett,TEN,0.0,,573.5,3.4,,,0.0,0.0,0.1,77.4,WR,49.4
Calvin Austin III,PIT,2.3,,549.9,3.5,,,11.8,0.1,0.5,76.3,WR,41.2
Luther Burden III,CHI,3.6,,545.0,3.2,,,27.2,0.4,1.1,76.3,WR,45.1
Alec Pierce,IND,0.0,,538.8,3.5,,,0.0,0.0,0.1,74.6,WR,31.2
Tre' Harris,LAC,0.7,,544.5,3.4,,,3.8,0.0,0.7,73.9,WR,40.7
Adam Thielen,MIN,0.0,,478.2,4.0,,,1.3,0.0,0.5,70.8,WR,42.7
Quentin Johnston,LAC,1.7,,453.3,4.1,,,7.3,0.0,0.4,70.0,WR,34.5
Amari Cooper,LV,0.0,,529.8,2.8,,,0.0,0.0,0.1,69.7,WR,39.9
Darius Slayton,NYG,1.4,,536.0,2.5,,,6.4,0.0,0.2,69.3,WR,35.6
DeAndre Hopkins,BAL,0.0,,436.3,4.2,,,0.5,0.0,0.1,68.5,WR,34.2
Josh Reynolds,NYJ,0.0,,485.8,3.2,,,0.0,0.0,0.1,67.5,WR,37.3
Ray-Ray McCloud III,ATL,7.8,,477.5,2.6,,,53.0,0.2,1.2,67.0,WR,43.4
Tutu Atwell,LAR,4.3,,509.7,2.2,,,20.2,0.1,0.1,66.6,WR,40.0
Nick Westbrook-Ikhine,MIA,0.0,,428.2,3.7,,,1.3,0.0,0.1,64.7,WR,31.4
Troy Franklin,DEN,1.1,,436.5,3.3,,,6.1,0.0,0.1,63.7,WR,34.8
Tory Horton,SEA,1.0,,485.6,2.5,,,8.0,0.0,1.0,62.1,WR,36.8
Jalen Tolbert,DAL,0.0,,411.5,3.5,,,0.0,0.0,0.1,62.0,WR,34.9
Dyami Brown,JAC,0.7,,456.7,2.5,,,6.8,0.0,0.5,60.6,WR,35.8
Andrei Iosivas,CIN,0.0,,380.7,3.7,,,0.0,0.0,0.1,59.8,WR,31.4
Pat Bryant,DEN,0.0,,417.0,3.0,,,0.0,0.0,0.1,59.8,WR,34.2
Kayshon Boutte,NE,0.0,,429.6,2.7,,,0.0,0.0,0.1,58.8,WR,32.0
Kyle Williams,NE,2.2,,427.7,2.5,,,13.4,0.0,0.4,58.7,WR,33.4
Noah Brown,WAS,0.0,,435.8,2.2,,,0.0,0.0,0.1,56.4,WR,33.9
Jordan Whittington,LAR,1.1,,397.4,2.4,,,13.9,0.0,0.1,55.4,WR,34.1
Elic Ayomanor,TEN,0.0,,406.2,2.3,,,5.7,0.0,0.1,54.8,WR,33.4
Tre Tucker,LV,5.6,,361.0,2.1,,,31.5,0.3,0.1,54.0,WR,28.5
Roman Wilson,PIT,0.0,,380.9,2.6,,,0.0,0.0,0.1,53.4,WR,30.5
Isaac TeSlaa,DET,0.0,,375.4,2.3,,,0.0,0.0,0.1,51.3,WR,28.4
Adonai Mitchell,IND,2.9,,372.4,2.2,,,9.6,0.1,0.4,50.7,WR,28.4
Greg Dortch,ARI,4.8,,330.4,2.5,,,30.6,0.1,0.4,50.7,WR,33.1
Dontayvion Wicks,GB,0.0,,322.9,3.0,,,1.3,0.0,0.0,50.3,WR,25.7
Christian Watson,GB,3.3,,355.6,2.3,,,14.0,0.0,0.4,50.2,WR,19.9
Allen Lazard,NYJ,0.0,,355.9,2.5,,,0.0,0.0,0.1,50.2,WR,27.8
Jamari Thrash,CLE,0.0,,358.6,1.9,,,0.0,0.0,0.1,47.0,WR,29.7
Brandin Cooks,NO,1.7,,326.7,2.4,,,1.8,0.0,0.1,46.9,WR,28.7
Curtis Samuel,BUF,6.6,,272.7,2.5,,,29.3,0.1,0.1,45.6,WR,27.0
KaVontae Turpin,DAL,8.4,,273.4,1.8,,,58.5,0.5,0.7,45.5,WR,22.4
Dont'e Thornton Jr.,LV,0.0,,326.0,2.0,,,2.0,0.0,0.1,44.7,WR,25.0
Van Jefferson,TEN,0.0,,311.0,2.2,,,0.3,0.0,0.1,44.1,WR,24.6
Malik Washington,MIA,2.0,,314.4,1.8,,,13.8,0.1,0.6,43.0,WR,30.1
Jalen Nailor,MIN,1.8,,268.3,2.6,,,3.1,0.0,0.4,42.1,WR,19.8
Devaughn Vele,NO,0.0,,293.3,1.7,,,1.7,0.0,0.2,39.3,WR,27.6
JuJu Smith-Schuster,KC,0.0,,275.5,1.9,,,0.0,0.0,0.1,38.7,WR,24.9
Jalen McMillan,TB,1.4,,223.4,2.3,,,12.2,0.0,0.4,36.5,WR,18.1
Jaylin Noel,HOU,0.0,,251.3,1.4,,,13.0,0.0,0.0,35.0,WR,21.8
David Moore,CAR,0.0,,255.3,1.4,,,0.0,0.0,0.1,33.6,WR,20.8
Jack Bech,LV,0.0,,243.0,1.5,,,2.5,0.0,0.0,33.4,WR,20.0
Jermaine Burton,CIN,0.0,,206.0,2.0,,,2.0,0.0,0.1,32.4,WR,15.8
Chimere Dike,TEN,2.1,,222.9,1.5,,,8.9,0.0,0.0,32.1,WR,18.8
Demarcus Robinson,SF,0.0,,194.2,1.8,,,0.8,0.0,0.0,30.3,WR,12.7
Isaiah Bond,CLE,0.0,,221.6,1.3,,,0.0,0.0,0.0,29.7,WR,18.3
Jake Bobo,SEA,0.0,,205.4,1.3,,,0.0,0.0,0.1,28.4,WR,17.0
Jahan Dotson,PHI,0.0,,181.7,1.3,,,1.7,0.0,0.0,26.2,WR,15.1
Parker Washington,JAC,0.0,,187.4,1.2,,,5.7,0.0,0.1,26.0,WR,17.7
Zay Jones,ARI,0.0,,179.8,1.3,,,2.0,0.0,0.1,25.6,WR,16.7
Kalif Raymond,DET,0.0,,183.7,1.1,,,4.0,0.0,0.6,24.5,WR,14.6
Olamide Zaccheaus,CHI,1.1,,166.9,1.0,,,6.0,0.0,0.1,23.6,WR,15.1
Elijah Moore,BUF,0.0,,159.8,1.2,,,1.3,0.0,0.0,23.4,WR,14.5
Xavier Hutchinson,HOU,0.0,,173.7,1.0,,,0.0,0.0,0.1,23.2,WR,14.7
Jalen Royals,KC,0.0,,156.7,1.2,,,2.5,0.0,0.0,22.9,WR,13.9
Mack Hollins,NE,0.0,,154.0,1.1,,,1.7,0.0,0.0,22.2,WR,12.4
KhaDarel Hodge,ATL,0.0,,162.2,1.0,,,2.0,0.0,0.1,22.2,WR,12.3
Jalin Hyatt,NYG,0.0,,161.1,0.9,,,0.0,0.0,0.0,21.2,WR,12.1
Arian Smith,NYJ,0.0,,160.8,0.7,,,5.5,0.0,0.0,20.9,WR,13.4
Luke McCaffrey,WAS,0.0,,137.1,1.0,,,1.0,0.0,0.1,19.7,WR,13.3
Robert Woods,PIT,0.0,,120.0,1.0,,,0.0,0.0,0.0,18.0,WR,12.0
Tai Felton,MIN,0.0,,118.8,1.0,,,1.7,0.0,0.0,17.8,WR,10.2
Marquez Valdes-Scantling,SF,0.0,,112.0,1.0,,,2.0,0.0,0.0,17.4,WR,7.0
Tyquan Thornton,KC,0.0,,115.1,0.9,,,0.0,0.0,0.0,16.6,WR,8.0
Savion Williams,GB,4.4,,89.4,0.8,,,19.4,0.1,0.0,16.0,WR,7.6
Tim Patrick,JAC,0.0,,104.5,0.7,,,0.0,0.0,0.0,14.5,WR,8.6
Tylan Wallace,BAL,0.0,,88.3,0.9,,,1.7,0.0,0.0,14.2,WR,6.8
Jaylin Lane,WAS,2.2,,79.6,0.5,,,13.5,0.1,0.1,13.2,WR,6.9
Casey Washington,ATL,0.0,,90.4,0.7,,,0.0,0.0,0.0,13.0,WR,7.5
Sterling Shepard,TB,0.8,,83.0,0.5,,,7.0,0.0,0.0,12.2,WR,8.0
Jimmy Horn Jr.,CAR,0.0,,84.4,0.6,,,0.0,0.0,0.0,12.0,WR,6.8
Ryan Flournoy,DAL,0.0,,83.6,0.6,,,0.0,0.0,0.1,11.6,WR,7.7
Hunter Renfrow,CAR,0.0,,92.3,0.4,,,0.0,0.0,0.0,11.5,WR,9.4
KeAndre Lambert-Smith,LAC,0.0,,77.7,0.6,,,3.0,0.0,0.0,11.4,WR,5.9
Bo Melton,GB,0.0,,79.0,0.6,,,0.0,0.0,0.0,11.4,WR,6.6
Devontez Walker,BAL,0.0,,71.4,0.7,,,1.7,0.0,0.0,11.3,WR,5.3
Jamal Agnew,ATL,0.0,,70.1,0.6,,,0.0,0.0,0.0,10.3,WR,6.8
Xavier Restrepo,TEN,0.0,,40.0,1.0,,,2.0,0.0,0.0,10.2,WR,4.0
Xavier Gipson,NYJ,0.0,,82.1,0.4,,,3.7,0.0,0.5,9.9,WR,7.5
Trey Palmer,NO,0.0,,77.5,0.3,,,2.0,0.0,0.0,9.9,WR,6.6
Irvin Charles,NYJ,0.0,,69.7,0.5,,,0.0,0.0,0.0,9.7,WR,6.5
Malik Heath,GB,0.0,,66.6,0.4,,,2.0,0.0,0.0,9.5,WR,5.8
Cody White,SEA,0.0,,67.6,0.4,,,0.0,0.0,0.0,9.2,WR,5.5
Skyy Moore,SF,0.0,,66.7,0.4,,,0.0,0.0,0.0,8.9,WR,5.4
John Metchie III,PHI,0.0,,68.8,0.3,,,0.0,0.0,0.0,8.7,WR,6.3
Tyler Johnson,NYJ,0.0,,80.0,0.0,,,0.0,0.0,0.0,8.0,WR,7.0
Efton Chism III,NE,0.0,,56.3,0.4,,,0.0,0.0,0.0,7.9,WR,4.8
Dareke Young,SEA,0.0,,57.5,0.4,,,0.0,0.0,0.0,7.9,WR,4.7
Mason Tipton,NO,0.0,,55.6,0.4,,,0.0,0.0,0.0,7.7,WR,5.3
Derius Davis,LAC,10.5,,31.2,0.1,,,35.5,0.2,0.6,7.5,WR,2.8
Trent Sherfield Sr.,DEN,0.0,,53.2,0.4,,,0.0,0.0,0.0,7.4,WR,4.4
Tez Johnson,TB,0.0,,49.4,0.2,,,0.0,0.0,0.0,6.3,WR,4.0
Ben Skowronek,PIT,0.0,,44.5,0.3,,,0.0,0.0,0.0,6.1,WR,4.1
Xavier Weaver,ARI,0.0,,40.3,0.3,,,0.0,0.0,0.0,5.8,WR,3.4
Justin Watson,HOU,0.0,,45.3,0.2,,,0.0,0.0,0.0,5.8,WR,3.4
Jordan Watkins,SF,0.0,,42.7,0.2,,,2.5,0.0,0.0,5.6,WR,3.0
Scotty Miller,PIT,0.0,,47.1,0.1,,,0.0,0.0,0.0,5.4,WR,3.9
Charlie Jones,CIN,0.0,,39.6,0.2,,,1.7,0.0,0.0,5.4,WR,3.4
Bryce Oliver,TEN,0.0,,38.2,0.2,,,0.0,0.0,0.0,5.2,WR,3.4
Gage Larvadain,CLE,0.0,,39.1,0.2,,,0.0,0.0,0.0,4.8,WR,3.6
Dee Eskridge,MIA,0.0,,32.8,0.2,,,1.7,0.0,0.0,4.7,WR,3.0
Lil'Jordan Humphrey,NYG,0.0,,44.0,0.0,,,0.0,0.0,0.0,4.4,WR,4.0
Brycen Tremayne,CAR,0.0,,29.4,0.1,,,0.0,0.0,0.0,3.8,WR,2.7
Nick Nash,ATL,0.0,,35.0,0.0,,,0.0,0.0,0.0,3.5,WR,3.0
DeAndre Carter,CLE,0.0,,39.4,0.0,,,3.0,0.0,0.5,3.5,WR,3.9
Mitchell Tinsley,CIN,0.0,,28.8,0.1,,,0.0,0.0,0.0,3.4,WR,2.5
Malachi Corley,CLE,0.0,,29.0,0.0,,,2.0,0.0,0.0,3.1,WR,3.0
Trishton Jackson,ARI,0.0,,20.3,0.2,,,0.0,0.0,0.0,3.1,WR,1.7
Konata Mumpfield,LAR,0.0,,21.3,0.2,,,0.0,0.0,0.0,3.0,WR,1.8
Russell Gage Jr.,SF,0.0,,30.0,0.0,,,0.0,0.0,0.0,3.0,WR,3.0
Anthony Gould,IND,0.0,,22.8,0.1,,,2.5,0.0,0.0,2.8,WR,1.8
Tyrell Shavers,BUF,0.0,,20.1,0.1,,,0.0,0.0,0.0,2.8,WR,1.5
Cedrick Wilson Jr.,NO,0.0,,22.0,0.0,,,6.0,0.0,0.0,2.8,WR,2.0
Tyler Scott,IND,0.0,,22.0,0.0,,,5.0,0.0,0.0,2.7,WR,2.0
Ashton Dulin,IND,0.0,,19.5,0.1,,,1.7,0.0,0.0,2.7,WR,1.7
Beaux Collins,NYG,0.0,,19.1,0.1,,,0.0,0.0,0.0,2.5,WR,1.7
David Bell,CLE,0.0,,21.0,0.0,,,0.0,0.0,0.0,2.1,WR,2.0
Isaiah Williams,CIN,0.0,,14.0,0.0,,,0.0,0.0,0.0,1.4,WR,1.0
Ryan Miller,TB,0.0,,9.7,0.1,,,0.0,0.0,0.0,1.4,WR,0.8
Xavier Smith,LAR,2.2,,11.0,0.0,,,9.6,0.1,0.5,1.3,WR,1.0
Braxton Berrios,HOU,0.0,,10.5,0.0,,,2.5,0.0,0.0,1.3,WR,1.0
Tank Dell,HOU,0.0,,12.0,0.0,,,0.0,0.0,0.0,1.2,WR,1.0
LaJohntay Wester,BAL,0.0,,12.0,0.0,,,0.0,0.0,0.0,1.2,WR,1.0
Devin Duvernay,CHI,0.0,,23.0,0.0,,,6.0,0.0,1.0,0.9,WR,2.0
Jacob Cowing,SF,0.0,,0.0,0.0,,,8.5,0.0,0.0,0.9,WR,0.0
Jason Brownlee,KC,0.0,,7.0,0.0,,,0.0,0.0,0.0,0.7,WR,0.5
Nikko Remigio,KC,0.0,,6.5,0.0,,,0.0,0.0,0.0,0.7,WR,0.5
Kameron Johnson,TB,0.0,,0.0,0.0,,,0.0,0.0,0.0,0.0,WR,0.0
Trent Taylor,SF,0.0,,0.0,0.0,,,0.0,0.0,0.0,0.0,WR,0.0
Juwann Winfree,HOU,0.0,,0.0,0.0,,,0.0,0.0,0.0,0.0,WR,0.0
Rondale Moore,MIN,0.0,,0.0,0.0,,,0.0,0.0,0.0,0.0,WR,0.0
D.J. Montgomery,IND,0.0,,0.0,0.0,,,0.0,0.0,0.0,0.0,WR,0.0
David Sills,ATL,0.0,,0.0,0.0,,,0.0,0.0,0.0,0.0,WR,0.0
Treylon Burks,TEN,0.0,,0.0,0.0,,,0.0,0.0,0.0,0.0,WR,0.0
Jonathan Mingo,DAL,0.0,,0.0,0.0,,,0.0,0.0,0.0,0.0,WR,0.0
Ja'Lynn Polk,NE,0.0,,0.0,0.0,,,0.0,0.0,0.0,0.0,WR,0.0
Bub Means,NO,0.0,,0.0,0.0,,,0.0,0.0,0.0,0.0,WR,0.0
Tahj Washington,MIA,0.0,,0.0,0.0,,,0.0,0.0,0.0,0.0,WR,0.0
Johnny Wilson,PHI,0.0,,0.0,0.0,,,0.0,0.0,0.0,0.0,WR,0.0
Bryce Ford-Wheaton,NYG,0.0,,0.0,0.0,,,0.0,0.0,0.0,0.0,WR,0.0
Joshua Cephus,JAC,0.0,,0.0,0.0,,,0.0,0.0,0.0,0.0,WR,0.0
Ihmir Smith-Marsette,NYG,0.0,,0.0,0.0,,,5.0,0.0,1.0,-1.5,WR,0.0
,,,,,,,,,,,,WR,
,,,,,,,,,,,,WR,
 ,,,,,,,,,,,,TE,
Brock Bowers,LV,,,"1,118.5",6.1,,,,,0.5,148.3,TE,105.4
George Kittle,SF,,,"1,017.5",7.4,,,,,0.5,145.1,TE,75.4
Trey McBride,ARI,,,"1,054.0",5.8,,,,,0.5,139.6,TE,104.2
Sam LaPorta,DET,,,787.9,7.0,,,,,0.4,119.8,TE,70.1
Mark Andrews,BAL,,,702.6,7.7,,,,,0.8,115.0,TE,59.1
Travis Kelce,KC,,,778.3,5.3,,,,,0.9,107.9,TE,81.5
T.J. Hockenson,MIN,,,764.0,4.6,,,,,0.5,102.9,TE,72.8
David Njoku,CLE,,,739.5,4.9,,,,,0.8,101.9,TE,76.5
Tyler Warren,IND,,,681.4,4.7,,,,,1.1,95.3,TE,63.4
Tucker Kraft,GB,,,655.3,4.8,,,,,0.8,92.7,TE,55.6
Kyle Pitts Sr.,ATL,,,650.3,4.3,,,,,0.1,90.4,TE,51.4
Evan Engram,DEN,,,629.7,4.2,,,,,0.9,86.3,TE,70.6
Dallas Goedert,PHI,,,635.9,3.9,,,,,0.5,86.3,TE,57.7
Zach Ertz,WAS,,,542.6,5.1,,,,,0.1,84.9,TE,58.5
Dalton Kincaid,BUF,,,604.6,4.0,,,,,0.5,83.7,TE,57.4
Jake Ferguson,DAL,,,621.7,3.8,,,,,1.2,82.6,TE,67.9
Hunter Henry,NE,,,568.7,3.9,,,,,0.4,79.4,TE,54.4
Colston Loveland,CHI,,,571.5,3.8,,,,,1.1,77.6,TE,54.5
Cade Otton,TB,,,520.6,4.2,,,,,0.5,76.0,TE,50.9
Brenton Strange,JAC,,,550.4,3.5,,,,,0.5,75.1,TE,55.4
Jonnu Smith,PIT,,,532.3,3.8,,,,,0.9,74.7,TE,51.5
Isaiah Likely,BAL,,,469.7,4.6,,,,,0.7,73.3,TE,39.7
Darren Waller,MIA,,,541.7,3.1,,,,,0.1,72.8,TE,49.1
Chig Okonkwo,TEN,,,550.0,3.0,,,,,0.8,71.7,TE,55.1
Mike Gesicki,CIN,,,502.8,3.4,,,,,0.4,70.0,TE,50.9
Dalton Schultz,HOU,,,505.4,3.2,,,,,0.4,68.8,TE,49.0
Mason Taylor,NYJ,,,519.3,3.0,,,,,0.8,68.3,TE,51.7
Juwan Johnson,NO,,,487.6,3.2,,,,,0.2,67.5,TE,47.1
Pat Freiermuth,PIT,,,489.9,3.4,,,,,0.9,67.5,TE,51.1
Theo Johnson,NYG,,,495.1,2.8,,,,,0.1,66.0,TE,45.2
Tyler Higbee,LAR,,,425.1,3.7,,,,,0.1,64.3,TE,45.3
Robbie Ouzts,SEA,,,481.0,3.0,,,,,1.0,64.1,TE,49.0
Elijah Arroyo,SEA,,,424.2,2.8,,,,,0.4,58.6,TE,40.0
Ja'Tavion Sanders,CAR,,,437.5,2.2,,,,,0.1,56.8,TE,44.0
Will Dissly,LAC,,,378.2,2.5,,,,,0.1,52.9,TE,38.6
Noah Fant,CIN,,,381.0,2.4,,,,,0.1,52.7,TE,37.2
Noah Gray,KC,,,308.5,2.8,,,,,0.1,47.3,TE,30.2
Tyler Conklin,LAC,,,325.9,2.3,,,,,0.0,46.1,TE,33.7
AJ Barner,SEA,,,306.9,2.4,,,,,0.1,45.0,TE,32.4
Harold Fannin Jr.,CLE,,,303.5,1.8,,,,,0.4,40.2,TE,30.7
Cole Kmet,CHI,,,274.1,2.3,,,,,0.4,40.2,TE,28.5
Austin Hooper,NE,,,295.3,1.9,,,,,0.4,40.0,TE,29.6
Michael Mayer,LV,,,262.7,1.8,,,,,0.1,36.9,TE,28.6
Dawson Knox,BUF,,,238.5,1.9,,,,,0.0,35.3,TE,22.0
Terrance Ferguson,LAR,,,235.5,1.9,,,,,0.4,34.1,TE,23.0
Foster Moreau,NO,,,218.5,1.5,,,,,0.0,31.0,TE,19.2
Gunnar Helm,TEN,,,220.8,1.3,,,,,0.4,28.9,TE,22.0
Oronde Gadsden II,LAC,,,195.5,1.6,,,,,0.1,28.8,TE,19.1
Josh Oliver,MIN,,,192.8,1.5,,,,,0.0,28.4,TE,18.2
Tommy Tremble,CAR,,,185.1,1.7,,,,,0.4,27.9,TE,19.4
Luke Musgrave,GB,,,187.4,1.4,,,,,0.0,27.2,TE,19.3
Brock Wright,DET,,,135.2,2.2,,,,,0.0,26.5,TE,15.0
Ben Sinnott,WAS,,,174.9,1.5,,,,,0.0,26.2,TE,17.8
Cade Stover,HOU,,,161.6,1.2,,,,,0.0,23.5,TE,17.0
Adam Trautman,DEN,,,147.4,1.5,,,,,0.0,23.4,TE,13.6
Julian Hill,MIA,,,154.4,1.1,,,,,0.4,21.2,TE,17.2
Luke Schoonmaker,DAL,,,132.5,1.2,,,,,0.0,20.1,TE,14.9
Jeremy Ruckert,NYJ,,,140.2,0.9,,,,,0.0,19.4,TE,16.3
Charlie Woerner,ATL,,,132.6,1.0,,,,,0.0,19.4,TE,13.9
Payne Durham,TB,,,117.5,1.3,,,,,0.0,19.4,TE,11.9
Grant Calcaterra,PHI,,,136.4,0.9,,,,,0.0,18.7,TE,12.4
Elijah Higgins,ARI,,,110.6,1.1,,,,,0.0,17.4,TE,11.4
Daniel Bellinger,NYG,,,131.2,0.7,,,,,0.0,17.0,TE,14.0
Darnell Washington,PIT,,,123.2,0.7,,,,,0.0,16.6,TE,12.3
Johnny Mundt,JAC,,,115.2,0.8,,,,,0.0,16.5,TE,13.4
Blake Whiteheart,CLE,,,117.5,0.7,,,,,0.0,16.2,TE,11.8
Colby Parkinson,LAR,,,106.9,0.9,,,,,0.0,15.8,TE,10.6
Connor Heyward,PIT,,,87.4,1.2,,,,,0.0,15.7,TE,10.1
Jake Briningstool,KC,,,94.0,1.0,,,,,0.0,15.4,TE,10.0
Drew Ogletree,IND,,,97.0,0.8,,,,,0.0,14.7,TE,7.6
Stone Smartt,NYJ,,,96.3,0.8,,,,,0.3,13.6,TE,8.9
Teagan Quitoriano,ATL,,,99.5,0.6,,,,,0.0,13.4,TE,6.4
Taysom Hill,NO,,,22.0,0.0,,,,,0.0,13.2,TE,2.3
Drew Sample,CIN,,,82.9,0.8,,,,,0.0,12.8,TE,10.4
Nate Adkins,DEN,,,55.3,1.1,,,,,0.0,12.1,TE,7.0
Lucas Krull,DEN,,,85.7,0.6,,,,,0.0,12.0,TE,9.5
Moliki Matavao,NO,,,74.5,0.6,,,,,0.0,11.2,TE,7.6
Brevyn Spann-Ford,DAL,,,74.6,0.6,,,,,0.0,11.2,TE,7.8
Devin Culp,TB,,,73.0,0.6,,,,,0.0,11.1,TE,6.8
Tanner Conner,MIA,,,69.1,0.7,,,,,0.0,10.8,TE,8.6
John Bates,WAS,,,74.3,0.5,,,,,0.0,10.6,TE,7.8
Hunter Long,JAC,,,76.0,0.4,,,,,0.0,9.8,TE,8.4
Gavin Bartholomew,MIN,,,59.5,0.6,,,,,0.0,9.4,TE,5.5
Kenny Yeboah,DET,,,60.2,0.5,,,,,0.0,8.9,TE,5.9
Eric Saubert,SEA,,,60.2,0.5,,,,,0.0,8.7,TE,6.8
Travis Vokolek,ARI,,,55.5,0.5,,,,,0.0,8.6,TE,5.5
Tip Reiman,ARI,,,60.4,0.4,,,,,0.0,8.5,TE,6.6
Charlie Kolar,BAL,,,60.0,0.4,,,,,0.0,8.4,TE,4.9
Ian Thomas,LV,,,58.8,0.4,,,,,0.0,8.3,TE,6.7
Mitchell Evans,CAR,,,59.7,0.4,,,,,0.0,8.2,TE,6.3
Thomas Fidone II,NYG,,,52.0,0.5,,,,,0.0,8.2,TE,5.5
Cam Grandy,CIN,,,54.3,0.4,,,,,0.0,8.1,TE,6.2
Luke Farrell,SF,,,58.6,0.4,,,,,0.0,8.1,TE,6.1
Ben Sims,GB,,,51.0,0.5,,,,,0.0,8.1,TE,5.0
Jackson Hawes,BUF,,,57.2,0.4,,,,,0.0,8.0,TE,5.3
Jelani Woods,NYJ,,,46.5,0.5,,,,,0.0,7.7,TE,3.5
Jared Wiley,KC,,,53.1,0.4,,,,,0.0,7.6,TE,5.4
Chris Manhertz,NYG,,,44.3,0.4,,,,,0.0,6.7,TE,4.9
Durham Smythe,CHI,,,45.7,0.4,,,,,0.0,6.7,TE,5.4
Will Mallory,IND,,,38.8,0.3,,,,,0.0,5.8,TE,3.9
Kylen Granson,PHI,,,45.4,0.1,,,,,0.0,5.3,TE,4.0
David Martin-Robinson,TEN,,,37.2,0.3,,,,,0.0,5.2,TE,3.7
Davis Allen,LAR,,,38.3,0.2,,,,,0.0,5.1,TE,4.1
Irv Smith Jr.,HOU,,,33.8,0.3,,,,,0.0,5.0,TE,4.0
Ko Kieft,TB,,,16.0,0.5,,,,,0.0,4.6,TE,1.5
Mo Alie-Cox,IND,,,31.1,0.2,,,,,0.0,4.2,TE,2.8
Tucker Fisk,LAC,,,31.8,0.2,,,,,0.0,4.1,TE,3.3
Tanner Hudson,CIN,,,26.7,0.2,,,,,0.0,3.6,TE,3.0
Erick All Jr.,CIN,,,20.9,0.2,,,,,0.0,3.1,TE,2.3
Jack Westover,NE,,,18.1,0.1,,,,,0.0,2.6,TE,1.8
Feleipe Franks,ATL,,,17.7,0.1,,,,,0.0,2.5,TE,1.8
James Mitchell,CAR,,,18.1,0.1,,,,,0.0,2.3,TE,1.9
Josh Whyle,GB,,,15.5,0.0,,,,,0.0,1.6,TE,1.5
Jack Stoll,NO,,,15.0,0.0,,,,,0.0,1.5,TE,1.5
Quintin Morris,JAC,,,10.0,0.0,,,,,0.0,1.0,TE,1.0
Robert Tonyan,KC,,,10.0,0.0,,,,,0.0,1.0,TE,1.0
Nick Vannett,MIN,,,10.0,0.0,,,,,0.0,1.0,TE,1.0
Greg Dulcich,MIA,,,9.5,0.0,,,,,0.0,1.0,TE,1.0
Harrison Bryant,HOU,,,5.5,0.0,,,,,0.0,0.6,TE,0.5
Tyree Jackson,WAS,,,0.0,0.0,,,,,0.0,0.0,TE,0.0
Shane Zylstra,DET,,,0.0,0.0,,,,,0.0,0.0,TE,0.0
John FitzPatrick,GB,,,0.0,0.0,,,,,0.0,0.0,TE,0.0
Jake Tonges,SF,,,0.0,0.0,,,,,0.0,0.0,TE,0.0
Tanner McLachlan,CIN,,,0.0,0.0,,,,,0.0,0.0,TE,0.0
Colson Yankoff,WAS,,,0.0,0.0,,,,,0.0,0.0,TE,0.0
Stephen Carlson,CHI,,,0.0,0.0,,,,,0.0,0.0,TE,0.0
Josiah Deguara,ARI,,,0.0,0.0,,,,,0.0,0.0,TE,0.0
Albert Okwuegbunam Jr.,LV,,,0.0,0.0,,,,,0.0,0.0,TE,0.0
Sean McKeon,IND,,,0.0,0.0,,,,,0.0,0.0,TE,0.0
Lawrence Cager,WAS,,,0.0,0.0,,,,,0.0,0.0,TE,0.0
Nikola Kalinic,CHI,,,0.0,0.0,,,,,0.0,0.0,TE,0.0
Cameron Latu,PHI,,,0.0,0.0,,,,,0.0,0.0,TE,0.0
Justin Shorter,LV,,,0.0,0.0,,,,,0.0,0.0,TE,0.0
Brayden Willis,SF,,,0.0,0.0,,,,,0.0,0.0,TE,0.0
Princeton Fant,DAL,,,0.0,0.0,,,,,0.0,0.0,TE,0.0
John Stephens Jr.,DAL,,,0.0,0.0,,,,,0.0,0.0,TE,0.0
Brenden Bates,CLE,,,0.0,0.0,,,,,0.0,0.0,TE,0.0
Thomas Odukoya,TEN,,,0.0,0.0,,,,,0.0,0.0,TE,0.0
E.J. Jenkins,PHI,,,0.0,0.0,,,,,0.0,0.0,TE,0.0
Luke Lachey,HOU,,,0.0,0.0,,,,,0.0,0.0,TE,0.0
Caleb Lohner,DEN,,,0.0,0.0,,,,,0.0,0.0,TE,0.0
,,,,,,,,,,,,TE,
,,,,,,,,,,,,TE,
