"player","position","team","points","sd_pts","dropoff","floor","ceiling","points_vor","floor_vor","ceiling_vor","rank","floor_rank","ceiling_rank","position_rank","tier","adp","aav","uncertainty"
"Bijan Robinson","RB","ATL",304,19,2.06,282,334,172,178,172,1,2,1,1,"1",2.82,59.7,10
"Saquon Barkley","RB","PHI",302,13.2,9.98,284,324,170,180,162,2,1,2,2,"1",3.46,59.5,1
"Jahmyr Gibbs","RB","DET",292,12.1,26.2,274,307,160,170,144,3,3,3,3,"2",4.58,56.7,1
"Ja'Marr Chase","WR","CIN",299,22.3,36.7,273,329,136,134,129,4,6,6,1,"1",2.2,62.5,12
"Derrick Henry","RB","BAL",266,18.8,2.93,240,294,133,136,131,5,4,5,4,"3",9.38,49,13
"Christian McCaffrey","RB","SF",263,22.9,7.26,240,304,130,136,142,6,5,4,5,"3",9.4,56.6,38
"Devon Achane","RB","MIA",256,15.9,2.34,234,275,123,129,113,7,7,8,6,"3",18.2,38.7,8
"Josh Jacobs","RB","GB",253,18.1,5.06,230,280,121,125,118,8,8,7,7,"3",15.4,41.4,14
"Ashton Jeanty","RB","LVR",248,20.4,3.43,211,274,116,106,111,9,12,9,8,"4",11.5,48.9,21
"Jonathan Taylor","RB","IND",245,16.8,2.1,224,268,112,119,105,10,9,11,9,"4",17,41.6,11
"Bucky Irving","RB","TB",243,18.8,0.74,216,265,110,112,103,11,11,13,10,"4",20,37.1,20
"Kyren Williams","RB","LAR",242,14.5,3.36,222,260,109,118,97.3,12,10,15,11,"4",22,33.9,7
"Chase Brown","RB","CIN",239,22.3,16,200,267,106,95.5,105,13,15,12,12,"5",22.5,38,32
"Justin Jefferson","WR","MIN",262,24.6,4.57,234,311,99.6,94.9,111,14,16,10,2,"1",7.02,54.3,25
"CeeDee Lamb","WR","DAL",257,13.5,9.64,237,276,95.1,98.5,77,15,13,22,3,"1",7.68,54.2,1
"James Cook","RB","BUF",223,20.7,7.46,202,251,90.2,97.6,88.6,16,14,16,13,"5",28.7,27.8,28
"Josh Allen","QB","BUF",385,19.5,4.79,354,408,88.9,76.9,87.3,17,27,18,1,"1",17.8,36.1,6
"Brock Bowers","TE","LVR",204,8.41,7.48,194,215,85.8,86.2,72.3,18,19,29,1,"1",27.9,32.9,3
"Malik Nabers","WR","NYG",248,27.2,1.9,223,298,85.4,84.5,98.5,19,20,14,4,"1",13.7,45.8,50
"Lamar Jackson","QB","BAL",380,18.1,13.9,357,408,84.1,79.2,87.5,20,25,17,2,"1",18.8,34.2,9
"Puka Nacua","WR","LAR",246,19.2,2.07,223,274,83.5,84.4,74.3,21,21,28,5,"1",16.2,42.4,19
"Alvin Kamara","RB","NO",215,17,5.44,195,243,82.7,90.9,80.9,22,17,20,14,"6",39.7,24.1,15
"Amon-Ra St. Brown","WR","DET",244,17,4.95,222,264,81.4,83.2,64.7,23,22,33,6,"2",14.2,47.3,8
"Trey McBride","TE","ARI",196,7.08,9.28,188,206,78.3,80.2,63.3,24,24,35,2,"1",36,28.5,1
"Breece Hall","RB","NYJ",210,20.8,0.0834,191,247,77.3,86.8,84.8,25,18,19,15,"6",41.8,19.5,35
"Chuba Hubbard","RB","CAR",210,19.9,2.28,183,239,77.2,78.7,76.8,26,26,23,16,"6",43.9,21.2,31
"Brian Thomas Jr.","WR","JAC",239,22.5,1.23,205,271,76.5,66,72.2,27,31,30,7,"2",18,39.6,29
"Nico Collins","WR","HOU",237,15.6,10.2,219,263,75.3,80.4,63.4,28,23,34,8,"2",14.9,45.4,4
"James Conner","RB","ARI",207,18.1,1.98,180,231,74.9,75.4,68.7,29,28,32,17,"6",44.5,21.8,17
"Omarion Hampton","RB","LAC",205,26.5,3.92,168,238,72.9,64.2,75.3,30,34,25,18,"6",36.5,28.4,55
"Jayden Daniels","QB","WAS",366,22.1,7.18,339,396,70.2,62.1,75.9,31,36,24,3,"2",27.5,27.6,14
"George Kittle","TE","SF",187,16.8,26.5,169,213,69.1,60.7,69.9,32,37,31,3,"2",39.2,24.2,29
"Kenneth Walker III","RB","SEA",201,16.8,1.85,169,216,69,64.5,53.8,33,33,37,19,"6",40.2,22.3,18
"TreVeyon Henderson","RB","NE",200,24.5,7.65,170,240,67.1,65.7,77.7,34,32,21,20,"7",47.6,22.6,54
"Drake London","WR","ATL",227,23.7,5.93,205,274,65,66.4,75,35,30,27,9,"3",23.1,37.8,42
"Jalen Hurts","QB","PHI",359,11.3,8.78,346,377,63.1,68.9,56.3,36,29,36,4,"2",31,26.8,1
"D'Andre Swift","RB","CHI",192,25.8,6.96,163,237,59.5,58.6,75.2,37,39,26,21,"7",58.2,15.8,59
"A.J. Brown","WR","PHI",221,14.9,3.68,198,241,59.1,59.1,41.8,38,38,43,10,"3",23.1,36.2,3
"Ladd McConkey","WR","LAC",218,16.9,1.28,197,244,55.4,58.1,45.2,39,40,40,11,"3",30.2,29.6,7
"Joe Burrow","QB","CIN",350,17.4,22,325,370,54.3,47.4,49.6,40,48,38,5,"3",29.3,24.5,3
"Tyreek Hill","WR","MIA",216,12,7.95,201,238,54.1,62.2,38.3,41,35,46,12,"3",36.4,28.1,14
"Tony Pollard","RB","TEN",185,18.5,2.91,152,208,52.5,47.7,46.2,42,47,39,22,"7",65.1,15.4,25
"Aaron Jones","RB","MIN",182,11.6,4.12,159,191,49.6,55,28.7,43,42,53,23,"7",68.1,13.7,3
"Tee Higgins","WR","CIN",208,20.8,0.29,173,232,46.2,34.6,32.3,44,58,49,13,"3",32.4,27.6,40
"Jaxon Smith-Njigba","WR","SEA",208,18.3,0.956,184,238,45.9,45.2,38.7,45,49,45,14,"3",40.2,24.1,28
"David Montgomery","RB","DET",178,12.1,0.159,160,194,45.5,55.9,31.6,46,41,50,24,"7",61.3,13.3,6
"RJ Harvey","RB","DEN",178,16.9,4.57,157,204,45.3,52.6,42.1,47,44,42,25,"8",62.8,15.1,30
"Mike Evans","WR","TB",207,13,0.135,193,225,44.9,54.5,25.6,48,43,55,15,"4",38.6,23.8,6
"Terry McLaurin","WR","WAS",207,17.5,2.02,188,234,44.8,49.2,34.9,49,45,48,16,"4",39.7,22.5,46
"Davante Adams","WR","LAR",205,22.4,7.68,182,239,42.8,42.9,39.4,50,50,44,17,"4",41.4,23.6,49
"Sam LaPorta","TE","DET",161,8.98,12.9,148,173,42.6,39.8,30,51,54,52,4,"3",57.1,11.4,9
"Tyrone Tracy","RB","NYG",173,18.7,6.55,146,200,40.8,41.5,38.2,52,52,47,26,"8",83.2,8.3,27
"Marvin Harrison Jr.","WR","ARI",197,14.7,1.99,174,219,35.1,35.6,19.9,53,56,64,18,"4",43.9,19.8,22
"Isiah Pacheco","RB","KC",167,22.6,12.5,129,193,34.2,24.8,30.3,54,63,51,27,"9",64.3,14.4,44
"DK Metcalf","WR","PIT",195,5.27,0.828,188,203,33.1,48.9,3.29,55,46,109,19,"4",50.3,16.8,1
"Patrick Mahomes","QB","KC",328,13.7,5.41,309,346,32.3,31.8,25.3,56,61,56,6,"3",47.3,16.5,11
"Garrett Wilson","WR","NYJ",194,12.5,1.81,180,218,32.3,41.6,18.4,57,51,66,20,"4",48,19.9,11
"Courtland Sutton","WR","DEN",193,15.4,0.112,179,218,30.5,39.9,18.7,58,53,65,21,"4",56.5,17.6,26
"D.J. Moore","WR","CHI",193,15.2,3.02,177,219,30.4,37.8,20.1,59,55,63,22,"4",56,14.6,36
"Mark Andrews","TE","BAL",148,7.9,3.42,136,158,29.7,28.6,15.1,60,62,73,5,"4",73.8,7.39,11
"Zay Flowers","WR","BAL",190,14.8,0.668,163,207,27.3,23.8,7.93,61,64,90,23,"4",66.9,10,32
"Baker Mayfield","QB","TB",323,17.8,3.19,299,344,26.9,21.3,23.2,62,66,57,7,"3",57.5,10.9,29
"Xavier Worthy","WR","KC",189,19,1.81,160,213,26.7,21.2,13.6,63,67,77,24,"5",56.5,13,56
"Travis Kelce","TE","KC",144,16.3,1.74,121,164,26.2,12.8,21.2,64,82,62,6,"4",67,12,40
"DeVonta Smith","WR","PHI",187,14.1,1.46,171,208,24.9,32.7,9.08,65,60,85,25,"5",61.6,12.5,21
"T.J. Hockenson","TE","MIN",142,10.7,4.86,127,157,24.5,18.8,14.1,66,69,74,7,"4",71.3,8.39,17
"Kyler Murray","QB","ARI",319,19.2,4.19,296,348,23.7,18.5,27.8,67,70,54,8,"3",84.8,7.11,49
"Jameson Williams","WR","DET",186,11.8,0.203,174,206,23.4,35.4,7.2,68,57,92,26,"5",61.8,11.1,17
"Calvin Ridley","WR","TEN",185,15.4,2.18,172,212,23.2,33.1,12.2,69,59,79,27,"5",68.2,12.9,33
"Kaleb Johnson","RB","PIT",154,22.3,0.843,120,185,21.8,16.1,22.5,70,74,58,28,"9",82.3,8.06,65
"Tetairoa McMillan","WR","CAR",183,18.3,0.628,152,211,21,13.2,12.1,71,80,80,28,"5",66.4,13.6,58
"Jaylen Warren","RB","PIT",153,19.7,7.17,127,179,20.9,22.4,17.1,72,65,67,29,"9",92.6,6.69,37
"Jerry Jeudy","WR","CLE",183,19.1,7.19,155,215,20.4,16.6,16,73,72,70,29,"5",84.2,8.33,47
"David Njoku","TE","CLE",138,9.85,5.35,121,147,19.6,13,4.64,74,81,99,8,"5",90.5,5.98,23
"Bo Nix","QB","DEN",315,16.1,6.34,290,337,19.5,12.4,16.8,75,84,68,9,"4",67.6,9.31,26
"Brian Branch","DB","DET",107,8.2,3.58,102,113,17.8,17.9,15.1,76,71,72,1,"1",NA,6.48,18
"Brandon Aubrey","K","DAL",164,13.8,14.1,138,179,16.9,0,21.3,77,130,61,1,"1",109,4.17,29
"Tyler Warren","TE","IND",132,15.6,4.45,115,165,14.3,6.78,21.9,78,98,60,9,"5",98.4,7.77,51
"Kerby Joseph","DB","DET",104,8.84,0.657,98.1,110,14.2,13.9,12,79,77,81,2,"1",NA,11.9,61
"Austin Ekeler","RB","WAS",146,14.8,10,118,162,13.8,13.8,-0.435,80,79,137,30,"10",109,6.94,42
"Jessie Bates","DB","ATL",103,4.17,2.58,100,106,13.6,16.2,7.95,81,73,89,3,"1",NA,13.7,12
"Brock Purdy","QB","SF",309,11.6,8.66,292,327,13.2,14.4,6.69,83,76,94,10,"4",90.8,5.85,69
"George Pickens","WR","DAL",175,10.5,1.17,159,191,13.2,20.6,-8.29,82,68,203,30,"5",67.6,11.6,18
"Travis Hunter","WR","JAC",174,23.1,2.27,150,213,12.1,11.4,13.2,84,87,78,31,"5",77.3,8.89,62
"Travis Hunter","WR","JAC",174,23.1,2.27,150,213,12.1,11.4,13.2,84,87,78,31,"5",77.3,8.89,96
"Zack Baun","LB","PHI",101,9.12,1.36,95.1,108,11.7,7.87,16.7,85,97,69,1,"1",NA,14.7,38
"Maxx Crosby","DL","LVR",53.9,3.25,1.22,51.5,56,11,11.4,10.1,87,86,83,1,"1",NA,17.2,12
"Julian Love","DB","SEA",101,0.849,0.545,100,101,11,15.7,2.93,86,75,112,4,"1",NA,7.15,1
"Kyle Hamilton","DB","BAL",100,4.6,1.91,97.1,103,10.5,12.8,5.14,88,83,97,5,"1",NA,14.8,11
"Zaire Franklin","LB","IND",99.6,2.12,2.26,98.1,101,10.4,10.8,10,89,89,84,2,"1",NA,17.1,2
"Evan Engram","TE","DEN",128,14,1.01,109,147,9.85,0.644,4.22,90,121,104,10,"5",96.9,6.65,34
"Deebo Samuel","WR","WAS",172,18.5,3.19,153,204,9.78,13.8,4.51,91,78,102,32,"6",90.1,7.9,53
"Andrew Van Ginkel","DL","MIN",52.6,0.99,5.65,52,53.4,9.78,11.9,7.51,92,85,91,2,"2",NA,9.77,3
"Andrew Van Ginkel","DL","MIN",52.6,0.99,5.65,52,53.4,9.78,11.9,7.51,92,85,91,2,"2",NA,9.77,46
"Tucker Kraft","TE","GB",127,14.3,8.7,101,147,8.83,-7.38,4.62,93,186,100,11,"6",109,3.96,31
"Julian Blackmon","DB","NO",98.1,NA,0.0388,NA,NA,8.54,NA,NA,94,NA,NA,6,"1",NA,4.54,84
"Reed Blankenship","DB","PHI",98.1,6.51,2.16,93.9,103,8.5,9.63,4.59,95,92,101,7,"2",NA,6.7,23
"Fred Warner","LB","SF",97.4,0.99,2.22,96.6,98,8.11,9.36,7.02,96,94,93,3,"1",NA,16.2,1
"Jaylen Waddle","WR","MIA",169,17.1,0.736,139,189,6.59,0,-10.5,97,130,223,33,"6",79.7,11,51
"Budda Baker","DB","ARI",95.9,2.9,5.3,94,98,6.34,9.78,-0.221,98,91,135,8,"3",NA,9.65,2
"Robert Spillane","LB","NE",95.1,3.25,0.762,93,97.5,5.89,5.78,6.55,99,101,95,4,"1",NA,9.48,26
"Rome Odunze","WR","CHI",168,17.3,1.71,147,192,5.85,8.1,-7.24,100,96,198,34,"6",87.1,7.12,39
"Foyesade Oluokun","LB","JAC",94.4,6.36,3.2,90.3,99,5.13,3.03,8.08,101,108,88,5,"2",NA,24.4,40
"Justin Fields","QB","NYJ",300,11.8,2.97,288,319,4.53,10.9,-1.25,102,88,142,11,"5",106,4.56,77
"Chris Olave","WR","NO",166,20.6,4.14,138,202,4.14,-0.761,2.57,103,135,113,35,"6",89.8,7.19,54
"Nik Bonitto","DL","DEN",47,4.88,0.655,43.9,50.6,4.12,3.81,4.71,104,103,98,3,"2",NA,7.08,33
"Nik Bonitto","DL","DEN",47,4.88,0.655,43.9,50.6,4.12,3.81,4.71,104,103,98,3,"2",NA,7.08,82
"Joe Mixon","RB","HOU",136,35.2,0.743,104,205,3.75,0,42.9,105,130,41,31,"10",103,7.4,99
"T.J. Watt","DL","PIT",46.3,5.59,0.12,42.2,49.9,3.47,2.17,4.05,106,111,105,4,"2",NA,16.2,26
"T.J. Watt","DL","PIT",46.3,5.59,0.12,42.2,49.9,3.47,2.17,4.05,106,111,105,4,"2",NA,16.2,65
"Aidan Hutchinson","DL","DET",46.2,4.24,0.484,43.1,48.9,3.35,3.04,3.07,107,107,111,5,"2",NA,18,17
"Zach Charbonnet","RB","SEA",135,18,0.237,114,162,3.01,9.59,0,108,93,130,32,"10",110,5.85,34
"Jonathan Greenard","DL","MIN",45.7,6.01,0.737,41.9,50.2,2.87,1.82,4.28,109,112,103,6,"2",NA,7.1,31
"Jonathan Greenard","DL","MIN",45.7,6.01,0.737,41.9,50.2,2.87,1.82,4.28,109,112,103,6,"2",NA,7.1,77
"Chase McLaughlin","K","TB",150,9.42,0.0962,133,160,2.83,-5.69,2.49,110,173,114,2,"1",139,1.74,32
"J.K. Dobbins","RB","DEN",135,24.6,1.81,105,178,2.77,0.75,15.4,111,120,71,33,"10",102,6.36,75
"Kaimi Fairbairn","K","HOU",150,6.74,0.629,140,159,2.74,1.37,1.23,112,115,119,3,"1",149,1.52,35
"Broncos","DST","DEN",96.6,10.3,1.18,86.2,113,2.23,0.429,6.51,113,124,96,1,"1",105,3.64,3
"Anfernee Jennings","DL","NE",45,NA,1.62,NA,NA,2.13,NA,NA,114,NA,NA,7,"3",NA,NA,95
"Jake Bates","K","DET",149,4.45,0.0113,145,157,2.11,6.42,0,115,100,130,4,"1",130,2.25,10
"Cameron Dicker","K","LAC",149,10,0.944,129,159,2.09,-9.32,1.27,116,208,118,5,"1",127,2.48,6
"Daiyan Henley","LB","LAC",91.2,1.27,0.194,90.2,92,1.93,2.97,1.02,117,109,123,6,"2",NA,6.89,29
"T.J. Edwards","LB","CHI",91,1.48,1.2,90,92.1,1.73,2.76,1.1,118,110,121,7,"2",NA,11.1,19
"Caleb Williams","QB","CHI",297,18.3,1.57,281,332,1.57,3.8,11.8,119,104,82,12,"5",108,4.76,71
"Jake Elliott","K","PHI",148,4.43,1.13,140,153,1.15,1.72,-4.39,120,114,168,6,"1",149,1.84,23
"Texans","DST","HOU",95.4,11.1,1.05,76.9,108,1.05,-8.85,1.2,121,196,120,2,"2",134,1.72,52
"Kevin Byard","DB","CHI",90.6,11.6,1.04,83.2,99.1,1.04,-1.09,0.866,122,137,125,9,"3",NA,9.22,49
"Travis Etienne","RB","JAC",133,21.4,0.955,106,165,0.955,1.23,3.11,123,116,110,34,"10",107,7.37,48
"Ernest Jones","LB","SEA",89.8,3.39,0.305,87.3,91.9,0.537,0.0173,0.984,124,129,124,8,"2",NA,10.1,22
"Bradley Chubb","DL","MIA",43.4,3.32,0.0466,41.2,45.8,0.505,1.18,-0.0513,125,117,133,8,"3",NA,6.14,53
"Bradley Chubb","DL","MIA",43.4,3.32,0.0466,41.2,45.8,0.505,1.18,-0.0513,125,117,133,8,"3",NA,6.14,79
"Derrick Brown","DL","CAR",43.3,10.2,0.459,35.8,49.8,0.459,-4.22,3.98,126,159,106,9,"3",NA,NA,81
"Jamien Sherwood","LB","NYJ",89.5,2.33,0.232,87.8,91,0.232,0.491,0,127,122,130,9,"2",NA,10.4,14
"Jake Ferguson","TE","DAL",118,6.93,0.127,112,131,0.127,3.61,-11.8,128,105,236,12,"6",132,2.72,14
"Matt Gay","K","WAS",147,7.97,0.023,139,161,0.023,0.389,3.41,129,125,108,7,"1",161,1.5,61
"Justin Herbert","QB","LAC",296,13.6,0.00933,277,314,0,0,-6.34,130,130,189,13,"5",111,5.5,40
"Javonte Williams","RB","DAL",132,13.5,1.82,115,148,0,10.3,-13.9,130,90,262,35,"10",116,6.29,23
"Jakobi Meyers","WR","LVR",162,9.97,2,145,174,0,6.76,-25.2,130,99,401,36,"6",99,6,10
"Dallas Goedert","TE","PHI",118,14,0.546,92.9,136,0,-15,-6.3,130,256,188,13,"6",133,2.72,37
"Chris Boswell","K","PIT",147,4.84,0.712,142,154,0,4.15,-3.74,130,102,160,8,"1",141,1.63,58
"Ravens","DST","BAL",94.4,7.55,0.81,86,107,0,0.247,0,130,128,130,3,"2",124,1.85,6
"Myles Garrett","DL","CLE",42.9,4.38,0.964,40.1,46.1,0,0,0.223,130,130,127,10,"3",NA,17.4,19
"Roquan Smith","LB","BAL",89.2,2.69,0.766,87.3,91,0,0,-0.00525,130,130,131,10,"2",NA,29.7,5
"Antoine Winfield","DB","TB",89.6,8.49,0.884,84.1,95.8,0,-0.138,-2.46,130,134,150,10,"3",NA,8.59,25
"Jared Goff","QB","DET",296,20.9,2.78,274,329,-0.00933,-3.67,8.88,131,152,86,14,"5",101,6.15,74
"Kyle Pitts","TE","ATL",117,7.69,0.0713,108,129,-0.546,0,-13.7,132,130,256,14,"6",135,4.35,20
"Colston Loveland","TE","CHI",117,25.6,2.47,71,151,-0.618,-37,8.62,133,464,87,15,"6",119,4.39,91
"Harrison Butker","K","KC",146,5.83,0.196,138,154,-0.712,-0.106,-3.15,134,132,157,9,"1",149,1.88,16
"Nick Bolton","LB","KC",88.5,5.3,2.33,85.1,92.4,-0.766,-2.19,1.4,135,142,117,11,"3",NA,7.46,41
"Eagles","DST","PHI",93.6,10.4,4.99,78.5,104,-0.81,-7.2,-2.91,136,184,154,4,"3",113,2.09,23
"Calen Bullock","DB","HOU",88.7,5.3,0.672,85.3,92.6,-0.884,1.01,-5.68,137,118,183,11,"3",NA,NA,79
"Tyler Bass","K","BUF",146,8.78,0.177,135,161,-0.908,-2.98,3.78,138,148,107,10,"1",149,1.66,45
"Khalil Mack","DL","LAC",41.9,0.141,0.223,41.8,42,-0.964,1.74,-3.87,139,113,161,11,"3",NA,4.8,1
"Khalil Mack","DL","LAC",41.9,0.141,0.223,41.8,42,-0.964,1.74,-3.87,139,113,161,11,"3",NA,4.8,44
"Evan McPherson","K","CIN",146,7.3,2,139,158,-1.09,0.472,1.1,140,123,122,11,"1",165,1.62,48
"Jeffery Simmons","DL","TEN",41.7,3.54,0.12,39.1,43.9,-1.19,-0.978,-1.92,141,136,147,12,"3",NA,6.91,22
"Josh Allen","DL","JAC",41.6,2.19,0.128,40,43,-1.31,-0.111,-2.9,142,133,153,13,"3",NA,9.46,21
"Josh Allen","DL","JAC",41.6,2.19,0.128,40,43,-1.31,-0.111,-2.9,142,133,153,13,"3",NA,9.46,58
"Harold Landry","DL","NE",41.4,2.19,0.436,40,43,-1.44,-0.0325,-2.82,143,131,152,14,"3",NA,4.22,10
"Harold Landry","DL","NE",41.4,2.19,0.436,40,43,-1.44,-0.0325,-2.82,143,131,152,14,"3",NA,4.22,56
"Camryn Bynum","DB","IND",88,0.919,0.387,87.4,88.7,-1.56,3.15,-9.57,144,106,211,12,"3",NA,NA,14
"Rhamondre Stevenson","RB","NE",131,23.1,10.4,99.9,161,-1.82,-4.39,-1.65,145,161,144,36,"10",116,4.29,58
"Brian Burns","DL","NYG",41,0,0.743,41,41,-1.87,0.935,-4.87,146,119,175,15,"4",NA,8.42,1
"Brian Burns","DL","NYG",41,0,0.743,41,41,-1.87,0.935,-4.87,146,119,175,15,"4",NA,8.42,36
"Coby Bryant","DB","SEA",87.6,33.3,0.445,66.3,112,-1.94,-18,13.8,147,290,75,13,"3",NA,5.52,96
"Ricky Pearsall","WR","SF",160,23.4,0.14,129,199,-2,-10,0.0455,148,214,129,37,"6",88.5,8.59,72
"Matthew Golden","WR","GB",160,23.5,0.371,121,196,-2.14,-17.5,-3.04,149,287,156,38,"6",95.7,8.06,78
"Brandon Jones","DB","DEN",87.2,14,0.145,78.2,97.5,-2.39,-6.06,-0.793,150,174,139,14,"3",NA,7.46,54
"Stefon Diggs","WR","NE",160,12,1.11,147,182,-2.51,8.53,-17.6,151,95,307,39,"6",96.7,8.36,31
"Jordan Battle","DB","CIN",87,4.31,1.79,84.3,90.2,-2.53,0,-8.06,152,130,201,15,"3",NA,5.45,35
"Danielle Hunter","DL","HOU",40.3,8.77,0.284,33.8,45.9,-2.62,-6.25,0,153,175,130,16,"4",NA,9.05,59
"Danielle Hunter","DL","HOU",40.3,8.77,0.284,33.8,45.9,-2.62,-6.25,0,153,175,130,16,"4",NA,9.05,96
"Dak Prescott","QB","DAL",293,12.7,3.49,276,311,-2.79,-1.64,-9.96,154,141,215,15,"5",90.4,8.72,57
"Leonard Williams","DL","SEA",40,8.2,0.248,34.7,46,-2.9,-5.34,0.129,155,170,128,17,"4",NA,6.24,64
"Wil Lutz","K","DEN",144,5.16,0.935,139,153,-3.08,0.311,-4.31,156,126,167,12,"1",155,1.58,19
"Dalton Kincaid","TE","BUF",115,5.06,0.407,108,121,-3.09,0.254,-21.8,157,127,357,16,"6",134,2.68,6
"Kaden Elliss","LB","ATL",86.1,0.212,0.158,86,86.3,-3.1,-1.26,-4.67,158,140,172,12,"3",NA,16.9,3
"Trey Hendrickson","DL","CIN",39.7,7.21,0.497,35.1,45,-3.15,-4.96,-0.847,159,164,140,18,"4",NA,7.34,42
"Lavonte David","LB","TB",86,1.56,0.6,84.8,87,-3.26,-2.43,-3.99,160,145,163,13,"3",NA,14.2,7
"Zach Ertz","TE","WAS",114,13.8,2.14,98.7,138,-3.5,-9.18,-4.58,161,205,170,17,"6",145,2.43,49
"Jauan Jennings","WR","SF",159,17,0.896,135,187,-3.62,-3.9,-12.4,162,154,243,40,"6",115,4.85,44
"Jaelan Phillips","DL","MIA",39.2,5.23,0.175,35.9,43.1,-3.64,-4.19,-2.8,163,158,151,19,"4",NA,6.34,60
"Jaelan Phillips","DL","MIA",39.2,5.23,0.175,35.9,43.1,-3.64,-4.19,-2.8,163,158,151,19,"4",NA,6.34,87
"DeForest Buckner","DL","IND",39.1,10.6,0.273,31.3,45.8,-3.82,-8.81,-0.0273,164,195,132,20,"4",NA,4.37,74
"Jordyn Brooks","LB","MIA",85.4,5.16,0.407,82.1,89.2,-3.86,-5.19,-1.79,165,167,146,14,"3",NA,7.78,36
"Younghoe Koo","K","ATL",143,8.94,0.922,133,156,-4.02,-5.02,-1.09,166,165,141,13,"1",162,1.39,55
"Alex Highsmith","DL","PIT",38.8,4.24,0.0486,36.1,41.9,-4.09,-4,-3.97,167,155,162,21,"4",NA,6.79,24
"Alex Highsmith","DL","PIT",38.8,4.24,0.0486,36.1,41.9,-4.09,-4,-3.97,167,155,162,21,"4",NA,6.79,71
"Nick Bosa","DL","SF",38.7,3.46,0.0273,36.2,40.9,-4.14,-3.88,-4.92,168,153,177,22,"4",NA,12.1,9
"Micah Parsons","DL","GB",38.7,1.98,0.552,37.2,40,-4.17,-2.82,-5.9,169,147,185,23,"4",NA,20.4,5
"Micah Parsons","DL","GB",38.7,1.98,0.552,37.2,40,-4.17,-2.82,-5.9,169,147,185,23,"4",NA,20.4,35
"Alex Singleton","LB","DEN",85,4.31,0.0126,81.8,87.7,-4.27,-5.46,-3.23,170,171,158,15,"3",NA,10.4,31
"Alex Anzalone","LB","DET",85,3.11,0.678,82.7,87,-4.28,-4.59,-4.01,171,162,164,16,"3",NA,6.22,43
"Nick Cross","DB","IND",85.2,7.99,0.166,80.1,91.1,-4.32,-4.15,-7.15,172,157,196,16,"3",NA,8.66,40
"Trevon Moehrig","DB","CAR",85.1,9.26,0.131,79.1,91.9,-4.49,-5.13,-6.38,173,166,191,17,"3",NA,6.74,51
"Cooper Kupp","WR","SEA",158,24.6,1.57,135,198,-4.52,-3.52,-1.38,174,150,143,41,"6",104,7.32,68
"Byron Murphy","DB","MIN",84.9,6.01,0.27,81.1,89.4,-4.62,-3.17,-8.9,175,149,207,18,"3",NA,5.4,74
"Jermaine Johnson","DL","NYJ",38.2,0.99,0.659,37.4,38.8,-4.72,-2.64,-7.08,176,146,195,24,"4",NA,NA,23
"Jermaine Johnson","DL","NYJ",38.2,0.99,0.659,37.4,38.8,-4.72,-2.64,-7.08,176,146,195,24,"4",NA,NA,47
"Derwin James","DB","LAC",84.7,2.55,0.444,83,86.5,-4.89,-1.23,-11.7,177,138,235,19,"3",NA,12.4,4
"Tyler Loop","K","BAL",142,4.38,1.93,133,145,-4.94,-4.87,-12.6,178,163,246,14,"2",164,1.95,65
"Logan Wilson","LB","CIN",84.3,10.3,0.431,76.8,90.8,-4.96,-10.5,-0.118,179,218,134,17,"3",NA,9.7,45
"Jeremy Chinn","DB","LVR",84.2,3.39,0.158,82.1,86.7,-5.33,-2.21,-11.5,180,143,233,20,"3",NA,6.58,7
"Will Anderson","DL","HOU",37.5,6.86,0.699,33.1,42.5,-5.38,-6.96,-3.34,181,181,159,25,"4",NA,9.36,37
"Bobby Okereke","LB","NYG",83.9,2.83,0.343,82,85.9,-5.39,-5.22,-5.03,182,168,180,18,"3",NA,11.5,52
"Grant Delpit","DB","CLE",84.1,1.63,0.765,83,85.3,-5.49,-1.24,-13,183,139,249,21,"4",NA,6.89,9
"Hunter Henry","TE","NE",112,16.6,1.36,80.4,129,-5.64,-27.6,-13.7,184,394,255,18,"6",149,2.25,63
"Quincy Williams","LB","NYJ",83.5,0.778,0.335,83,84.1,-5.73,-4.25,-6.88,185,160,193,19,"3",NA,7.97,12
"Rams","DST","LAR",88.6,8.17,0.0987,79,99.4,-5.8,-6.77,-7.15,186,179,197,5,"3",162,0.767,32
"Vikings","DST","MIN",88.5,2.47,0.996,85.7,92.7,-5.9,0,-13.9,187,130,259,6,"4",138,1.51,1
"Bobby Wagner","LB","WAS",83.2,4.31,0.227,80,85.9,-6.07,-7.26,-5.03,188,185,179,20,"3",NA,12.2,28
"Carl Granderson","DL","NO",36.8,9.48,0.00836,29.8,42.9,-6.08,-10.2,-3.01,189,215,155,26,"4",NA,NA,85
"Michael Pittman","WR","IND",156,12.1,2.54,136,170,-6.09,-2.37,-29,191,144,428,42,"6",115,5.26,24
"Gregory Rousseau","DL","BUF",36.8,6.43,0.229,32.1,40.9,-6.09,-8.01,-4.97,190,190,178,27,"4",NA,9.14,40
"Chamarri Conner","DB","KC",83.3,NA,0.523,NA,NA,-6.26,NA,NA,192,NA,NA,22,"4",NA,NA,99
"J.J. McCarthy","QB","MIN",289,18.2,4.52,270,321,-6.28,-7.49,0,193,187,130,16,"5",129,3.23,66
"Tyrel Dodson","LB","MIA",82.9,10.6,1.48,76.2,90.7,-6.29,-11.1,-0.225,194,223,136,21,"4",NA,6.34,47
"Cameron Heyward","DL","PIT",36.6,0.849,0.646,36,37.2,-6.32,-4.05,-8.69,195,156,205,28,"5",NA,4.44,13
"Tyrique Stevenson","DB","CHI",82.8,3.32,0.466,80.6,85.2,-6.78,-3.61,-13,196,151,250,23,"4",NA,NA,86
"Brandon McManus","K","GB",140,11.3,0.644,125,155,-6.87,-13.8,-1.99,197,242,148,15,"2",164,1.34,77
"Bills","DST","BUF",87.5,9.56,0.927,68.6,94.2,-6.89,-17.1,-12.4,198,282,242,7,"5",131,1.32,45
"D.J. Wonnum","DL","CAR",35.9,7.5,0.0592,31.1,41.4,-6.96,-8.95,-4.45,199,199,169,29,"5",NA,4.99,76
"Jonnu Smith","TE","PIT",111,19.9,6.1,81.2,143,-7,-26.7,0,200,385,130,19,"7",143,1.84,86
"Kobie Turner","DL","LAR",35.9,4.81,0.0737,32.3,38.9,-7.02,-7.75,-6.94,201,189,194,30,"5",NA,8.02,27
"Jared Verse","DL","LAR",35.8,3.39,0.469,33.3,37.9,-7.09,-6.78,-7.92,202,180,200,31,"5",NA,NA,15
"Jared Verse","DL","LAR",35.8,3.39,0.469,33.3,37.9,-7.09,-6.78,-7.92,202,180,200,31,"5",NA,NA,72
"Xavier McKinney","DB","GB",82.3,11.7,0.309,73.7,89.8,-7.25,-10.6,-8.42,203,219,204,24,"4",NA,8.14,39
"Daniel Carlson","K","LVR",139,9.51,0.72,122,147,-7.51,-16.1,-10.4,204,267,222,16,"2",173,1.49,71
"YaYa Diaby","DL","TB",35.3,6.58,0.808,31.1,40.1,-7.56,-8.97,-5.73,206,200,184,32,"5",NA,3.38,54
"YaYa Diaby","DL","TB",35.3,6.58,0.808,31.1,40.1,-7.56,-8.97,-5.73,206,200,184,32,"5",NA,3.38,73
"DeShon Elliott","DB","PIT",82,7.64,0.602,77.1,87.6,-7.56,-7.15,-10.6,205,183,225,25,"4",NA,9.46,32
"Azeez Al-Shaair","LB","HOU",81.5,0.707,2.63,81,82,-7.78,-6.26,-8.98,207,176,209,22,"4",NA,21.1,17
"Packers","DST","GB",86.5,11.7,1.22,70.4,102,-7.82,-15.3,-4.81,208,263,173,8,"6",147,1.51,77
"Jaylon Jones","DB","IND",81.4,NA,0.272,NA,NA,-8.16,NA,NA,209,NA,NA,26,"4",NA,4.34,NA
"Will Reichard","K","MIN",139,9.29,0.862,129,153,-8.23,-9.21,-4.16,210,206,165,17,"2",166,1.78,74
"Kyle Van Noy","DL","BAL",34.5,NA,0.11,NA,NA,-8.37,NA,NA,211,NA,NA,33,"5",NA,3.26,68
"Kyle Van Noy","DL","BAL",34.5,NA,0.11,NA,NA,-8.37,NA,NA,211,NA,NA,33,"5",NA,3.26,99
"Mike Sainristil","DB","WAS",81.1,4.38,0.749,77.9,83.9,-8.43,-6.36,-14.3,212,177,268,27,"4",NA,NA,44
"AShawn Robinson","DL","CAR",34.4,2.12,0.61,33,35.9,-8.48,-7.03,-9.92,213,182,213,34,"5",NA,2.76,18
"Jordan Addison","WR","MIN",154,23.8,4.64,130,202,-8.62,-8.91,2.38,214,197,115,43,"7",104,4.25,64
"Cowboys","DST","DAL",85.3,11.4,0.848,71.3,102,-9.04,-14.4,-4.83,215,253,174,9,"6",156,0.65,97
"Josh Sweat","DL","ARI",33.8,4.24,0.019,31.1,36.9,-9.09,-9,-8.97,216,201,208,35,"5",NA,5.35,29
"Josh Sweat","DL","ARI",33.8,4.24,0.019,31.1,36.9,-9.09,-9,-8.97,216,201,208,35,"5",NA,5.35,62
"Joshua Karty","K","LAR",138,5.99,0.779,130,146,-9.1,-8.4,-11.8,217,194,237,18,"2",164,1.49,13
"Zach Allen","DL","DEN",33.8,2.69,0.341,32,35.7,-9.11,-8.03,-10.1,218,191,218,36,"5",NA,5.86,6
"Kenny Moore","DB","IND",80.4,4.24,0.221,77.7,83.5,-9.18,-6.6,-14.8,219,178,272,28,"4",NA,NA,28
"Xavier Woods","DB","TEN",80.2,1.77,1.41,79,81.5,-9.4,-5.24,-16.8,220,169,296,29,"4",NA,NA,42
"Demarcus Lawrence","DL","SEA",33.4,8.27,0.106,28.1,39.5,-9.45,-11.9,-6.37,221,227,190,37,"5",NA,2.64,83
"Tuli Tuipulotu","DL","LAC",33.3,4.1,0.414,30.3,35.9,-9.56,-9.76,-9.93,222,211,214,38,"5",NA,NA,32
"Tuli Tuipulotu","DL","LAC",33.3,4.1,0.414,30.3,35.9,-9.56,-9.76,-9.93,222,211,214,38,"5",NA,NA,50
"Jake Moody","K","SF",137,7.45,1.3,129,149,-9.87,-9.81,-8.12,223,212,202,19,"2",167,1.68,39
"Steelers","DST","PIT",84.5,6.94,0.579,76.6,93.7,-9.89,-9.12,-12.9,224,203,247,10,"7",124,2.13,10
"Braden Fiske","DL","LAR",32.9,NA,0.0874,NA,NA,-9.97,NA,NA,225,NA,NA,39,"5",NA,NA,63
"Travon Walker","DL","JAC",32.8,1.2,0.162,31.9,33.6,-10.1,-8.14,-12.3,226,193,241,40,"5",NA,7.32,4
"Travon Walker","DL","JAC",32.8,1.2,0.162,31.9,33.6,-10.1,-8.14,-12.3,226,193,241,40,"5",NA,7.32,38
"George Karlaftis","DL","KC",32.7,8.63,0.0569,27.1,39,-10.2,-12.9,-6.88,227,232,192,41,"5",NA,7.01,69
"Cameron Jordan","DL","NO",32.6,3.96,0.394,30.1,35.5,-10.3,-10,-10.4,228,213,220,42,"6",NA,NA,86
"Tremaine Edmunds","LB","CHI",78.8,1.27,0.474,78,79.8,-10.4,-9.25,-11.2,229,207,231,23,"4",NA,6.67,33
"Seahawks","DST","SEA",83.9,6.39,0.17,76.2,92.1,-10.5,-9.51,-14.5,230,209,269,11,"7",156,1.15,16
"49ers","DST","SF",83.7,10.5,0.63,67.4,94.4,-10.6,-18.3,-12.1,231,294,240,12,"8",147,0.893,71
"Keion White","DL","NE",32.2,NA,0.3,NA,NA,-10.7,NA,NA,232,NA,NA,43,"6",NA,NA,14
"Keion White","DL","NE",32.2,NA,0.3,NA,NA,-10.7,NA,NA,232,NA,NA,43,"6",NA,NA,97
"Drake Maye","QB","NE",285,18,2.38,257,302,-10.8,-19.8,-18.5,233,313,322,17,"5",121,4.26,63
"Devon Witherspoon","DB","SEA",78.8,5.73,0.453,75.1,83,-10.8,-9.18,-15.3,234,204,276,30,"4",NA,6.94,21
"Cody Barton","LB","TEN",78.4,2.69,1.08,76.6,80.3,-10.9,-10.6,-10.6,235,220,224,24,"4",NA,8.33,34
"Byron Young","DL","LAR",31.9,NA,0.529,NA,NA,-11,NA,NA,236,NA,NA,44,"6",NA,NA,NA
"Cam Little","K","JAC",136,10.8,0.808,121,155,-11.2,-17.7,-2.23,237,288,149,20,"2",157,2.17,68
"Chiefs","DST","KC",83.1,8.39,0.291,72.3,90.9,-11.3,-13.4,-15.7,239,239,283,13,"8",158,0.685,35
"Jaquan Brisker","DB","CHI",78.3,9.62,0.329,72.1,85.4,-11.3,-12.1,-12.9,238,230,248,31,"4",NA,6.79,30
"Kwity Paye","DL","IND",31.4,0.566,0.983,31,31.8,-11.5,-9.06,-14.1,240,202,265,45,"6",NA,NA,8
"Commanders","DST","WAS",82.8,12.4,0.021,64.9,96.6,-11.6,-20.8,-9.99,241,329,216,14,"8",161,0.75,84
"Lions","DST","DET",82.8,11,0.0906,65.2,94,-11.6,-20.6,-12.6,242,326,245,15,"8",153,1.25,58
"Alontae Taylor","DB","NO",78,6.15,0.427,73.5,81.9,-11.6,-10.8,-16.3,243,221,294,32,"4",NA,4.97,58
"Giants","DST","NYG",82.7,14.5,0.21,66.4,102,-11.7,-19.4,-4.61,244,307,171,16,"8",163,0.2,99
"Chargers","DST","LAC",82.5,9.5,2.19,72.3,95.1,-11.9,-13.5,-11.4,245,240,232,17,"9",163,0.5,74
"Jason Myers","K","SEA",135,4.01,3.02,129,140,-12,-8.93,-17.5,247,198,306,21,"2",165,0.1,3
"Patrick Queen","LB","PIT",77.3,0.424,0.263,77,77.6,-12,-10.3,-13.4,246,216,253,25,"4",NA,13.2,24
"Cam Taylor-Britt","DB","CIN",77.5,2.05,2.28,76.2,79,-12,-8.03,-19.2,248,192,330,33,"5",NA,NA,65
"Jerome Ford","RB","CLE",120,27,2.16,98.7,176,-12.2,-5.54,13.7,250,172,76,37,"11",137,3.75,83
"Edgerrin Cooper","LB","GB",77,13.7,1.51,66.9,85.8,-12.2,-20.3,-5.17,249,321,181,26,"5",NA,NA,59
"Quinnen Williams","DL","NYJ",30.4,5.52,0.112,26.3,33.9,-12.5,-13.7,-12,251,241,238,46,"6",NA,NA,49
"Zach Sieler","DL","MIA",30.3,7.21,0.221,25,34.9,-12.6,-15.1,-11,252,260,229,47,"6",NA,NA,45
"Adam Butler","DL","LVR",30.1,2.97,0.0296,27.9,32,-12.8,-12.2,-13.9,253,231,260,48,"6",NA,NA,92
"Jonathon Cooper","DL","DEN",30,9.12,0.341,23.3,35.9,-12.8,-16.7,-10,254,274,217,49,"6",NA,NA,78
"Jonathon Cooper","DL","DEN",30,9.12,0.341,23.3,35.9,-12.8,-16.7,-10,254,274,217,49,"6",NA,NA,90
"Brenton Strange","TE","JAC",105,12.5,1.21,89.5,123,-13.1,-18.5,-19.7,255,295,337,20,"7",170,2.69,46
"C.J. Stroud","QB","HOU",283,16.4,0.783,258,304,-13.2,-19.5,-16.6,256,309,295,18,"5",126,3.84,54
"Christian Barmore","DL","NE",29.7,3.54,0.27,27.1,31.9,-13.2,-13,-13.9,257,233,261,50,"6",NA,NA,55
"Jayden Reed","WR","GB",149,24,0.334,108,187,-13.3,-30.5,-12.4,258,426,244,44,"7",125,2.51,71
"Jonathan Allen","DL","MIN",29.4,7,0.0167,24.3,33.9,-13.5,-15.8,-12,259,264,239,51,"6",NA,NA,67
"Grover Stewart","DL","IND",29.4,0.919,0.131,28.7,30,-13.5,-11.3,-15.9,260,225,287,52,"6",NA,NA,41
"Emeka Egbuka","WR","TB",149,19.6,0.597,128,185,-13.6,-10.9,-14.1,261,222,266,45,"7",91.7,11.1,65
"Zaven Collins","DL","ARI",29.3,4.17,0.367,26.2,31.9,-13.6,-13.9,-13.9,262,243,263,53,"6",NA,NA,94
"Devin Lloyd","LB","JAC",75.5,14.5,1.44,64.9,84.8,-13.7,-22.4,-6.18,263,350,186,27,"5",NA,5.47,72
"Trevor Lawrence","QB","JAC",282,14.9,2.47,258,302,-14,-19,-18.9,264,298,325,19,"6",135,3.59,31
"Davon Hamilton","DL","JAC",28.9,NA,0.0663,NA,NA,-14,NA,NA,265,NA,NA,54,"6",NA,NA,NA
"B.J. Hill","DL","CIN",28.8,1.27,0.0926,28,29.8,-14,-12,-16.1,266,228,290,55,"6",NA,NA,51
"Cardinals","DST","ARI",80.3,11.2,0.0109,61.8,93.3,-14.1,-23.9,-13.2,267,362,252,18,"9",161,0.877,90
"Bengals","DST","CIN",80.3,7.24,0.267,71.6,89.4,-14.1,-14.1,-17.2,268,249,304,19,"9",158,0,29
"Malcolm Koonce","DL","LVR",28.7,1.13,0.0411,28,29.6,-14.1,-12,-16.3,269,229,293,56,"6",NA,NA,28
"Rashee Rice","WR","KC",148,28.8,0.973,116,199,-14.2,-23.1,0,271,354,130,46,"7",77.6,9.41,85
"CJ West","DL","SF",28.7,NA,0.17,NA,NA,-14.2,NA,NA,270,NA,NA,57,"6",NA,NA,NA
"Cade Otton","TE","TB",104,12.8,1.12,87.5,122,-14.3,-20.4,-20.5,273,324,348,21,"7",160,1.65,54
"Da'Ron Payne","DL","WAS",28.5,10.2,0.154,21,35,-14.3,-19,-10.8,274,300,227,58,"7",NA,NA,91
"Will Harris","DB","WAS",75.3,32.5,0.818,54.5,99.1,-14.3,-29.8,0.855,272,421,126,34,"5",NA,4.8,95
"Rachaad White","RB","TB",118,16.1,1.34,94,139,-14.4,-10.3,-23.3,276,217,375,38,"11",137,2.77,49
"Colts","DST","IND",80,4.74,0.686,73.9,84.5,-14.4,-11.8,-22.1,275,226,363,20,"10",166,0.5,13
"Dexter Lawrence","DL","NYG",28.4,10.1,0.187,20.9,34.8,-14.5,-19.1,-11,277,305,230,59,"7",NA,NA,88
"Marshawn Kneeland","DL","DAL",28.2,15.6,0.0898,18.2,39.6,-14.7,-21.8,-6.25,278,339,187,60,"7",NA,NA,99
"Cairo Santos","K","CHI",132,5.73,1.34,125,141,-15,-13.4,-16.1,281,237,291,22,"3",173,0.5,26
"Browns","DST","CLE",79.3,11.9,0.437,63.6,91.5,-15,-22.2,-15,282,346,274,21,"10",167,0,94
"Geno Stone","DB","CIN",74.4,1.77,0.981,73.1,75.6,-15.1,-11.1,-22.7,283,224,368,35,"5",NA,NA,63
"Khalil Shakir","WR","BUF",147,17.2,0.476,121,175,-15.2,-17.2,-24.3,284,284,386,47,"7",115,4.28,38
"Jack Campbell","LB","DET",74.1,1.63,0.223,73,75.3,-15.2,-14.2,-15.7,285,252,284,28,"5",NA,NA,16
"Chigoziem Okonkwo","TE","TEN",103,12.6,1.57,87.6,122,-15.4,-20.3,-20.4,289,323,346,22,"7",172,2.13,71
"Carson Schwesinger","LB","CLE",73.8,1.77,0.181,72.5,75,-15.4,-14.7,-16,288,255,289,29,"5",NA,NA,57
"Bears","DST","CHI",78.9,9.23,0.0666,67.6,89.5,-15.5,-18.1,-17,290,292,302,22,"10",151,0.65,55
"Buccaneers","DST","TB",78.8,8.21,0.0406,64.1,87.9,-15.5,-21.7,-18.6,291,338,323,23,"10",156,0.2,39
"Rashid Shaheed","WR","NO",147,10.1,0.545,131,160,-15.6,-7.7,-38.8,294,188,498,48,"7",144,2.64,15
"Raiders","DST","LVR",78.8,9.38,0.862,66.2,91.9,-15.6,-19.5,-14.7,293,310,271,24,"11",170,0,19
"Terrel Bernard","LB","BUF",73.7,20.4,0.481,58.7,86.7,-15.6,-28.6,-4.27,292,404,166,30,"5",NA,9.58,88
"Quinshon Judkins","RB","CLE",117,38.2,1.15,69.7,184,-15.7,-34.5,22.1,295,448,59,39,"11",120,3.83,96
"Demario Davis","LB","NO",73.2,11,1.35,66.2,81.2,-16.1,-21.1,-9.73,300,332,212,31,"5",NA,4.68,60
"Justin Reid","DB","NO",73.5,6.93,0.615,68.4,77.9,-16.1,-15.9,-20.4,301,265,345,36,"5",NA,NA,37
"Chris Godwin","WR","TB",146,27.6,1.18,123,201,-16.2,-15.2,1.86,302,261,116,49,"7",112,5.38,83
"Chad Ryland","K","ARI",131,11.7,1.79,116,150,-16.3,-22.7,-7.26,304,351,199,23,"3",171,0,81
"Jordan Love","QB","GB",279,13.9,9.82,258,301,-16.4,-19.4,-19.1,306,308,329,20,"6",124,4.6,34
"Jets","DST","NYJ",77.9,8.99,0.0141,66.6,89.3,-16.4,-19.2,-17.3,307,306,305,25,"11",172,0.3,61
"Falcons","DST","ATL",77.9,7.83,2.02,68.3,92.1,-16.5,-17.4,-14.5,308,286,270,26,"12",170,0,26
"Taron Johnson","DB","BUF",72.8,13.4,0.104,63,81.4,-16.7,-21.2,-16.8,313,335,297,37,"5",NA,NA,72
"Josh Metellus","DB","MIN",72.7,34.7,0.424,50.5,98.2,-16.8,-33.7,0,316,438,130,38,"5",NA,5.78,93
"Jacory Croskey-Merritt","RB","WAS",116,45.6,0.467,23.3,153,-16.9,-81,-9.5,318,585,210,40,"11",99,10.8,93
"Dalton Schultz","TE","HOU",101,14.4,0.103,77.5,118,-17,-30.5,-24.5,319,425,390,23,"7",177,2.42,69
"Isaiah Likely","TE","BAL",101,16.5,0.681,80.1,123,-17.1,-27.9,-19.6,321,397,335,24,"7",158,3.1,66
"Tykee Smith","DB","TB",72.3,11.2,0.188,65.2,80.5,-17.2,-19.1,-17.7,323,304,312,39,"5",NA,NA,68
"Jordan Mason","RB","MIN",115,18.4,2.04,78.2,131,-17.3,-26.1,-31,326,378,442,41,"11",100,7.64,39
"Josh Downs","WR","IND",145,17.3,2.61,129,175,-17.4,-9.67,-24.6,328,210,392,50,"7",133,2.62,35
"Blake Cashman","LB","MIN",71.8,1.27,1.31,71,72.8,-17.4,-16.2,-18.2,329,270,320,32,"5",NA,16.6,10
"Michael Jackson","DB","CAR",72.1,3.25,0.15,70,74.5,-17.4,-14.2,-23.7,330,250,379,40,"5",NA,NA,60
"Kamari Lassiter","DB","HOU",72,1.56,0.28,70.8,73,-17.6,-13.4,-25.3,332,238,402,41,"5",NA,NA,5
"Darren Waller","TE","MIA",100,12.8,0.368,76.1,111,-17.8,-31.8,-31.8,334,433,450,25,"7",159,2.36,80
"Marlon Humphrey","DB","BAL",71.7,2.9,0.147,69.6,73.6,-17.9,-14.7,-24.7,335,254,396,42,"5",NA,NA,33
"Quentin Lake","DB","LAR",71.6,6.79,0.0608,66.6,75.9,-18,-17.7,-22.4,336,289,365,43,"5",NA,NA,53
"Pat Freiermuth","TE","PIT",99.8,12.9,0.158,79.4,119,-18.1,-28.5,-23.4,340,403,376,26,"7",163,2.47,57
"Spencer Shrader","K","IND",129,19.1,0.148,100,152,-18.1,-38.1,-4.9,339,470,176,24,"3",169,0,84
"Derek Stingley Jr.","DB","HOU",71.5,6.86,0.0296,67.1,76.5,-18.1,-17.2,-21.7,337,283,356,44,"5",NA,NA,82
"Zyon McCollum","DB","TB",71.5,0.707,0.084,71,72,-18.1,-13.3,-26.3,338,235,411,45,"5",NA,NA,70
"Evan Williams","DB","GB",71.4,11,0.122,64.4,79.4,-18.2,-19.9,-18.8,341,314,324,46,"5",NA,1.85,67
"Mike Gesicki","TE","CIN",99.7,7.19,1.98,91.1,111,-18.3,-16.8,-32.1,345,276,451,27,"7",156,2.02,26
"Jason Sanders","K","MIA",129,16.9,2.16,112,156,-18.3,-26.4,-1.66,342,382,145,25,"3",149,1.82,99
"Ji'Ayir Brown","DB","SF",71.3,24.8,0.308,55.4,89.5,-18.3,-28.9,-8.76,344,410,206,47,"5",NA,NA,88
"Saints","DST","NO",75.9,13.9,0.108,55.6,92.7,-18.5,-30.1,-13.9,347,423,258,27,"12",170,0,81
"Dolphins","DST","MIA",75.8,10.9,2.07,62,92.5,-18.6,-23.7,-14.1,350,361,264,28,"13",170,0,68
"Talanoa Hufanga","DB","DEN",70.9,4.81,0.00198,67.9,74.5,-18.6,-16.4,-23.8,351,272,380,48,"5",NA,3.82,19
"Bryan Cook","DB","KC",70.9,10.6,0.341,64.2,78.7,-18.6,-20.1,-19.5,352,319,333,49,"6",NA,NA,77
"Nate Landman","LB","LAR",70.5,5.3,0.638,66.6,73.9,-18.7,-20.6,-17,353,328,301,33,"6",NA,5.83,76
"Kyle Dugger","DB","NE",70.6,16.2,0.368,60.2,82.5,-19,-24,-15.7,359,363,285,50,"6",NA,5.62,98
"Eric Murray","DB","JAC",70.2,23.3,0.0637,55.3,87.3,-19.3,-28.9,-10.9,363,411,228,51,"6",NA,3.94,91
"Cam Skattebo","RB","NYG",113,20.3,0.611,90.9,152,-19.4,-13.3,-10.3,366,236,219,42,"11",118,4.02,61
"Quay Walker","LB","GB",69.9,1.7,0.294,68.6,71,-19.4,-18.6,-20,364,297,341,34,"6",NA,6.02,9
"Tyler Nubin","DB","NYG",70.2,4.31,0.0508,67,72.9,-19.4,-17.3,-25.3,365,285,403,52,"6",NA,6.58,16
"Jalen Pitre","DB","HOU",70.1,19.7,0.0238,55.7,82.7,-19.4,-28.6,-15.5,367,405,280,53,"6",NA,NA,75
"Kamren Kinchens","DB","LAR",70.1,NA,0.1,NA,NA,-19.5,NA,NA,368,NA,NA,54,"6",NA,NA,56
"Ivan Pace","LB","MIN",69.6,10.7,2.39,62.8,77.4,-19.6,-24.5,-13.5,372,369,254,35,"6",NA,5.81,84
"Ja'Quan McMillian","DB","DEN",70,NA,0.295,NA,NA,-19.6,NA,NA,370,NA,NA,55,"6",NA,NA,NA
"Chauncey Gardner-Johnson","DB","HOU",69.7,1.06,0.156,68.9,70.4,-19.9,-15.3,-27.9,373,262,421,56,"6",NA,NA,81
"Tank Bigsby","RB","JAC",112,22.5,5.23,85.2,147,-20,-19.1,-15.6,377,303,282,43,"11",115,3.5,56
"Keon Coleman","WR","BUF",142,17,7.27,119,166,-20,-19.8,-33,376,312,457,51,"7",117,3.27,57
"Jalen Thompson","DB","ARI",69.5,11.5,0.0759,62.2,78,-20,-22.1,-20.2,378,344,344,57,"6",NA,NA,47
"Minkah Fitzpatrick","DB","MIA",69.5,5.3,1.17,66.1,73.4,-20.1,-18.2,-24.9,379,293,397,58,"6",NA,7.3,46
"Juwan Johnson","TE","NO",97.7,15.4,2.41,69.2,114,-20.3,-38.7,-28.4,382,471,423,28,"8",170,1.45,77
"Blake Grupe","K","NO",127,11.1,5.53,112,147,-20.4,-26.3,-10.7,383,381,226,26,"4",170,0,52
"Jaguars","DST","JAC",73.7,12.4,1.01,51.7,88.7,-20.7,-34,-17.9,385,441,317,29,"14",170,0,65
"Andrew Wingard","DB","JAC",68.3,NA,0.212,NA,NA,-21.3,NA,NA,390,NA,NA,59,"6",NA,NA,26
"Kamren Curl","DB","LAR",68.1,15.1,0.0439,57,77.8,-21.5,-27.3,-20.5,392,391,347,60,"6",NA,NA,89
"Titans","DST","TEN",72.7,12.7,2.37,56.5,88.5,-21.7,-29.2,-18.1,397,415,319,30,"15",170,0,42
"Cameron McGrone","LB","IND",67.2,NA,0.884,NA,NA,-22,NA,NA,400,NA,NA,36,"6",NA,4.49,NA
"Mason Taylor","TE","NYJ",95.3,11.7,2.17,78.9,116,-22.7,-29,-26.9,405,414,414,29,"8",162,2.01,60
"Frankie Luvu","LB","WAS",66.3,3.54,0.324,64.1,68.9,-22.9,-23.2,-22.1,416,358,362,37,"6",NA,10.6,21
"Christian Rozeboom","LB","CAR",66,3.04,1.92,64,68.2,-23.2,-23.2,-22.7,420,359,370,38,"6",NA,8.62,64
"Patriots","DST","NE",70.3,9.74,1.17,57.3,83.1,-24,-28.4,-23.4,429,402,377,31,"16",166,0.9,87
"Tyler Higbee","TE","LAR",93.1,17.3,4.5,73.3,122,-24.9,-34.7,-21,444,450,352,30,"8",183,1.42,89
"Najee Harris","RB","LAC",107,20.8,0.964,84.5,139,-25.2,-19.8,-23.5,451,311,378,44,"11",130,4.41,70
"Panthers","DST","CAR",69.2,12.7,0,57,91.1,-25.2,-28.7,-15.5,450,407,279,32,"16",170,0.1,48
"Payton Wilson","LB","PIT",64.1,9.05,1.46,57.4,69.9,-25.2,-29.8,-21.1,448,422,353,39,"7",NA,NA,83
"Andres Borregales","K","NE",121,12.6,0.482,101,137,-26,-37.2,-20.6,459,466,349,27,"4",170,0,42
"Nick Chubb","RB","HOU",106,29,4.98,70,146,-26.2,-34.3,-16.2,461,446,292,45,"11",124,5.21,87
"Bryce Young","QB","CAR",269,19.3,2.68,244,296,-26.3,-33.8,-24.4,462,439,389,21,"6",155,2.74,37
"Joey Slye","K","TEN",120,5.7,1.11,111,129,-26.4,-27.4,-28.7,465,392,427,28,"4",170,0,1
"Henry To'oTo'o","LB","HOU",62.6,9.76,0.4,55.4,68.9,-26.6,-31.8,-22.1,469,432,364,40,"7",NA,NA,81
"Tyrice Knight","LB","SEA",62.2,16.5,0.101,50.1,72.8,-27,-37.2,-18.2,473,465,321,41,"7",NA,NA,86
"Jack Sanborn","LB","DAL",62.1,27,0.423,42.3,79.4,-27.1,-45,-11.6,476,489,234,42,"7",NA,13.8,97
"Marvin Mims","WR","DEN",135,25.4,3.68,107,175,-27.2,-31.4,-24,478,429,385,52,"8",140,2.52,82
"Graham Gano","K","NYG",119,19.7,0.668,83.9,143,-27.6,-54.4,-13.9,484,513,257,29,"4",170,0,94
"Micah McFadden","LB","NYG",61.7,3.54,1.68,59.1,63.9,-27.6,-28.2,-27,483,399,416,43,"7",NA,2.62,48
"Nick Folk","K","NYJ",119,16.4,3.3,92.6,135,-28.2,-45.7,-22.7,495,493,369,30,"4",170,0.1,87
"Geno Smith","QB","LVR",267,12.8,1.43,250,282,-28.9,-27.5,-38.6,507,393,496,22,"6",151,4.21,17
"Nick Martin","LB","SF",60,NA,0.629,NA,NA,-29.2,NA,NA,514,NA,NA,44,"7",NA,NA,53
"Robbie Ouzts","TE","SEA",88.6,NA,0.678,NA,NA,-29.4,NA,NA,516,NA,NA,31,"8",NA,NA,99
"Pete Werner","LB","NO",59.4,0.566,0.891,59,59.8,-29.9,-28.3,-31.2,525,400,445,45,"7",NA,NA,66
"Theo Johnson","TE","NYG",87.9,21.9,5.4,45.8,113,-30,-62.1,-29.6,526,527,434,32,"9",184,1.02,94
"Michael Penix Jr.","QB","ATL",265,13.6,1.52,251,284,-30.4,-26.7,-36,531,384,476,23,"7",147,2.44,23
"Elandon Roberts","LB","LVR",58.5,5.37,0.322,54.5,61.9,-30.8,-32.7,-29,537,436,429,46,"7",NA,7.61,74
"Rashod Bateman","WR","BAL",131,19.1,4.66,103,156,-30.9,-35.5,-43.8,540,456,513,53,"8",145,3.14,60
"Mack Wilson","LB","ARI",58.2,1.77,1.62,57,59.5,-31.1,-30.2,-31.5,543,424,448,47,"8",NA,4.3,55
"Jaydon Blue","RB","DAL",101,16.1,1.53,80.1,126,-31.2,-24.1,-36,545,365,475,46,"12",138,3.39,45
"Ryan Fitzgerald","K","CAR",115,21.6,11.9,81.1,136,-31.5,-57.2,-21.2,549,516,354,31,"5",170,0,97
"Tua Tagovailoa","QB","MIA",264,21.1,2.75,235,291,-31.9,-42.2,-29.1,555,482,430,24,"7",142,3.35,46
"Trey Benson","RB","ARI",99.7,12.2,0.782,82,115,-32.7,-22.3,-47.3,565,348,521,47,"12",138,3.31,24
"Dre Greenlaw","LB","DEN",56.5,45,1.13,23.5,85.3,-32.7,-63.8,-5.63,564,530,182,48,"8",NA,NA,98
"Ray Davis","RB","BUF",98.9,26.9,3.56,69.6,149,-33.5,-34.7,-13.2,573,449,251,48,"12",144,1.99,73
"Omar Speights","LB","LAR",55.4,0.636,0.234,55,55.9,-33.8,-32.3,-35.1,577,435,467,49,"8",NA,NA,79
"Divine Deablo","LB","ATL",55.2,7.35,1.35,49.8,59.9,-34.1,-37.5,-31.1,579,467,443,50,"8",NA,NA,90
"Matthew Stafford","QB","LAR",261,17.3,2.65,241,287,-34.6,-36.7,-33.2,583,462,458,25,"7",148,4.61,51
"Trevin Wallace","LB","CAR",53.8,17,0.237,41.3,64.7,-35.4,-45.9,-26.2,591,494,410,51,"8",NA,NA,91
"Elijah Arroyo","TE","SEA",82.5,26.4,6.1,42,115,-35.5,-65.9,-27.5,592,535,420,33,"9",166,3.04,97
"Darnell Mooney","WR","ATL",127,52.7,2.03,15.2,168,-35.6,-124,-31.7,595,746,449,54,"8",137,2.98,99
"Germaine Pratt","LB","LVR",53.6,26.9,0.501,36.4,73.3,-35.6,-50.9,-17.6,596,504,310,52,"8",NA,6.02,93
"Denzel Perryman","LB","LAC",53.1,NA,0.062,NA,NA,-36.1,NA,NA,599,NA,NA,53,"8",NA,NA,78
"Nakobe Dean","LB","PHI",53,3.11,0.114,51,55.3,-36.2,-36.2,-35.6,602,460,473,54,"8",NA,6.67,71
"Demetrius Knight","LB","CIN",52.9,6.22,0.124,48.4,56.9,-36.3,-38.9,-34.1,604,472,460,55,"8",NA,NA,50
"Marcelino McCrary-Ball","LB","NYJ",52.8,NA,1.1,NA,NA,-36.4,NA,NA,606,NA,NA,56,"9",NA,NA,NA
"Tyjae Spears","RB","TEN",95.4,27.1,0.417,54,131,-37,-50.3,-31.1,615,502,444,49,"12",150,1.84,85
"Sam Darnold","QB","SEA",258,14.8,5.66,234,277,-37.3,-43.8,-43.5,619,486,511,26,"7",152,3.99,20
"Rico Dowdle","RB","CAR",94.9,17.1,0.657,76,127,-37.5,-28.3,-35.4,620,401,471,50,"12",161,2.54,52
"Jeremiah Trotter Jr.","LB","PHI",51.7,NA,0.8,NA,NA,-37.5,NA,NA,621,NA,NA,57,"9",NA,NA,NA
"Keenan Allen","WR","LAC",125,24.3,1.17,96.6,156,-37.6,-42.1,-43.6,622,481,512,55,"8",132,3.99,93
"Tyler Allgeier","RB","ATL",94.3,6.61,1.24,85.7,106,-38.1,-18.6,-56.5,628,296,554,51,"12",149,2.44,4
"Jeremiah Owusu-Koramoah","LB","CLE",50.9,NA,0.26,NA,NA,-38.3,NA,NA,629,NA,NA,58,"9",NA,NA,99
"Christian Elliss","LB","NE",50.6,4.03,0.24,48.1,53.6,-38.6,-39.2,-37.4,634,473,485,59,"9",NA,NA,67
"Christian Elliss","LB","NE",50.6,4.03,0.24,48.1,53.6,-38.6,-39.2,-37.4,634,473,485,59,"9",NA,NA,62
"Xavier Legette","WR","CAR",123,16.4,4.49,95.1,142,-38.8,-43.6,-57.3,636,485,557,56,"8",157,1.44,67
"James Williams","LB","TEN",50.4,NA,0.105,NA,NA,-38.8,NA,NA,637,NA,NA,60,"9",NA,NA,69
"James Williams","LB","TEN",50.4,NA,0.105,NA,NA,-38.8,NA,NA,637,NA,NA,60,"9",NA,NA,95
"Braelon Allen","RB","NYJ",93,16.5,3.77,70.2,115,-39.4,-34.1,-47.7,642,442,524,52,"12",132,4.68,51
"Ja'Tavion Sanders","TE","CAR",76.4,11,1.69,60.8,92.1,-41.6,-47.1,-50.6,654,496,531,34,"9",178,1.34,43
"Cam Ward","QB","TEN",253,23.2,1.14,217,281,-42.9,-60,-39.1,663,521,499,27,"7",150,4.99,60
"Bhayshul Tuten","RB","JAC",89.3,17.1,1.17,61.1,116,-43.1,-43.2,-46.5,666,484,520,53,"12",143,2.63,68
"Will Dissly","TE","LAC",74.7,13.6,3.21,51.9,86.6,-43.2,-56.1,-56.2,667,515,553,35,"9",170,1.09,83
"Cedric Tillman","WR","CLE",119,20,1.4,80.6,136,-43.3,-58.1,-63.1,668,519,565,57,"8",169,2.55,61
"Andre Szmyt","K","CLE",104,18.9,26.8,83,127,-43.4,-55.3,-30.5,669,514,438,32,"6",170,0,90
"Aaron Rodgers","QB","PIT",252,23.3,45.8,232,293,-44.1,-45.6,-27.1,673,492,417,28,"8",149,8.01,43
"Brian Robinson","RB","SF",88.1,20.7,0.832,70.1,119,-44.3,-34.2,-43.1,675,443,509,54,"12",125,3.83,76
"Wan'Dale Robinson","WR","NYG",118,18.8,0.366,87.1,138,-44.7,-51.6,-61.4,679,509,563,58,"8",165,2,75
"Christian Kirk","WR","HOU",117,15.8,0.416,103,143,-45,-35.8,-56.7,684,458,555,59,"8",143,2.67,43
"Kareem Hunt","RB","KC",87.3,14.2,5.43,69.5,112,-45.1,-34.7,-49.8,685,451,526,55,"13",163,2.88,46
"Brandon Aiyuk","WR","SF",117,42.1,1.31,68,199,-45.5,-70.7,-0.717,687,551,138,60,"9",141,3.74,94
"Noah Gray","TE","KC",71.5,16.7,0.936,46.8,91.1,-46.5,-61.2,-51.7,693,525,540,36,"10",170,1.74,74
"Demario Douglas","WR","NE",115,16.9,0.627,86.2,135,-46.8,-52.5,-64.6,699,510,570,61,"9",163,2.22,74
"Jayden Higgins","WR","HOU",115,37.6,0.00952,47.4,162,-47.4,-91.3,-37.7,703,616,488,62,"9",140,2.71,97
"Marquise Brown","WR","KC",115,30.1,2.08,56.5,148,-47.4,-82.3,-51.5,704,587,536,63,"9",158,3.56,92
"Romeo Doubs","WR","GB",113,19.7,6.62,90.4,139,-49.5,-48.3,-60.6,713,498,562,64,"9",174,1.6,69
"Dylan Sampson","RB","CLE",81.9,36.8,4.03,18.7,127,-50.6,-85.6,-35,717,600,466,56,"13",148,3.06,92
"Justice Hill","RB","BAL",77.8,16.4,3.52,44.1,93.3,-54.6,-60.2,-69,732,522,581,57,"13",173,2.08,66
"Michael Wilson","WR","ARI",106,16.7,2.5,89.6,131,-56.1,-49.2,-68.3,737,500,578,65,"9",184,1.55,79
"Audric Estime","RB","FA",74.3,NA,2.27,NA,NA,-58.1,NA,NA,746,NA,NA,58,"13",NA,NA,99
"Adam Thielen","WR","MIN",104,34.9,0.986,67.1,153,-58.6,-71.6,-46.1,748,555,516,66,"9",152,2.59,86
"Quentin Johnston","WR","LAC",103,32.8,2.03,58.7,147,-59.6,-80,-52.6,755,580,544,67,"9",167,2.39,90
"Roschon Johnson","RB","CHI",72,11.6,0.247,63.7,94.2,-60.4,-40.6,-68.1,763,477,577,59,"13",175,2.01,41
"Khalil Herbert","RB","FA",71.8,17.2,3.67,60.1,83.7,-60.6,-44.2,-78.6,766,488,600,60,"13",NA,NA,72
"Alec Pierce","WR","IND",101,33.4,1.03,59.1,146,-61.6,-79.6,-53,770,578,547,68,"9",177,1.81,89
"Luther Burden","WR","CHI",99.5,28.7,0.531,59.3,148,-62.7,-79.4,-51.7,779,576,541,69,"9",155,2.87,81
"Ray-Ray McCloud","WR","ATL",99,23.8,0.0501,60.2,132,-63.2,-78.5,-67.7,781,572,576,70,"9",193,1.68,99
"Tyler Lockett","WR","TEN",98.9,26,0.372,77.8,149,-63.2,-60.9,-50,782,523,528,71,"9",175,2.28,88
"Josh Palmer","WR","BUF",98.6,20.9,3.04,69.3,124,-63.6,-69.4,-75,784,546,593,72,"10",162,2.28,76
"Kendre Miller","RB","NO",68.1,18.3,1.8,46.6,98.6,-64.3,-57.7,-63.7,786,518,567,61,"13",174,2.77,62
"Jaylen Wright","RB","MIA",66.3,22.8,1.71,35.8,95.3,-66.1,-68.4,-67,792,541,572,62,"13",165,1.3,79
"Antonio Gibson","RB","NE",64.6,25.9,0.791,26.6,86,-67.8,-77.7,-76.3,795,567,596,63,"14",NA,2.38,80
"Ty Johnson","RB","BUF",63.8,18.2,0.516,45.1,92.2,-68.6,-59.2,-70.1,800,520,582,64,"14",170,1.12,69
"Ollie Gordon","RB","MIA",63.3,37.7,0.994,21.9,130,-69.1,-82.3,-32.7,806,588,455,65,"14",141,4.71,94
"Gus Edwards","RB","FA",62.3,NA,0.854,NA,NA,-70.1,NA,NA,812,NA,NA,66,"14",NA,NA,86
"Raheem Mostert","RB","LVR",61.4,24.3,3.86,34.8,105,-71,-69.5,-56.9,822,547,556,67,"14",177,2.06,82
"Blake Corum","RB","LAR",57.6,25.3,0.688,30.7,108,-74.8,-73.6,-54.5,841,558,550,68,"14",179,1.66,77
"Cam Akers","RB","FA",56.9,NA,0.0798,NA,NA,-75.5,NA,NA,845,NA,NA,69,"14",NA,NA,90
"Miles Sanders","RB","DAL",56.8,17.8,1.19,33.3,80.7,-75.6,-71,-81.6,847,552,606,70,"14",181,1.77,63
"Woody Marks","RB","HOU",55.6,32.8,0.0395,4.8,105,-76.8,-99.5,-57.6,855,652,559,71,"14",171,3.17,97
"MarShawn Lloyd","RB","GB",55.6,31,0.189,14.8,95.8,-76.8,-89.4,-66.5,856,611,571,72,"14",163,2.34,89
"Russell Wilson","QB","NYG",206,51,2.65,125,261,-89.8,-152,-59.2,977,797,561,29,"8",159,4.11,80
"Daniel Jones","QB","IND",203,78.9,50.5,52.9,296,-92.5,-224,-24.4,985,798,387,30,"9",150,5.31,89
"Spencer Rattler","QB","NO",153,95.3,6.68,21.6,259,-143,-256,-61.7,1140,801,564,31,"10",170,1.88,94
"Joe Flacco","QB","CLE",146,69.5,23.9,49.8,238,-150,-228,-82.1,1160,799,607,32,"11",168,3.89,83
"Anthony Richardson","QB","IND",122,100,22.8,9.32,274,-174,-268,-46.3,1200,803,519,33,"12",168,2.34,91
"Tyler Shough","QB","NO",99.3,66.6,15.2,5.29,182,-196,-272,-138,1200,807,734,34,"12",182,3.32,86
"Kirk Cousins","QB","ATL",84,107,16.7,0.821,232,-212,-277,-88.5,1200,834,621,35,"13",170,1.92,97
"Deshaun Watson","QB","CLE",67.4,37.2,14.5,41.9,93.1,-228,-235,-227,1200,800,806,36,"13",NA,2.21,99
